bus_id,latitude,longitude,passenger_count,route,speed,weather_condition,time_of_day,traffic_level,timestamp
bus_3,4.709448514205923,-74.64427546445913,3,route_3,12.564692449060779,Sunny,Evening,3,2025-04-01 00:00:00
bus_4,4.660828909903236,-74.65624543671107,6,route_2,34.62676903571446,Rainy,Afternoon,2,2025-04-01 00:01:00
bus_1,4.5928582848858985,-74.79230738025807,34,route_3,32.105351733986,Rainy,Afternoon,2,2025-04-01 00:02:00
bus_3,4.744138505912084,-74.69762565171214,8,route_2,26.720058949437433,Sunny,Afternoon,1,2025-04-01 00:03:00
bus_3,4.705419351766164,-74.68594131436424,7,route_2,29.728615765946188,Rainy,Morning,1,2025-04-01 00:04:00
bus_4,4.548785081803468,-74.68035316573093,16,route_1,36.497029346511646,Rainy,Morning,1,2025-04-01 00:05:00
bus_1,4.7732781553481525,-74.6259482892318,16,route_1,18.068367919419156,Cloudy,Morning,1,2025-04-01 00:06:00
bus_1,4.74676117287695,-74.63991923598194,32,route_3,38.59979391417964,Rainy,Evening,1,2025-04-01 00:07:00
bus_3,4.784939973987577,-74.61762847216197,31,route_2,50.27161646499932,Rainy,Morning,1,2025-04-01 00:08:00
bus_2,4.717715852516508,-74.57053502153737,7,route_1,48.008046489507954,Sunny,Evening,1,2025-04-01 00:09:00
bus_3,4.684024558780737,-74.55610427838518,18,route_3,17.694995234688683,Cloudy,Afternoon,2,2025-04-01 00:10:00
bus_3,4.6254729108871855,-74.58456307713205,37,route_1,17.462473487073694,Cloudy,Afternoon,1,2025-04-01 00:11:00
bus_3,4.779818545006203,-74.51334289121353,2,route_1,23.408718387245667,Cloudy,Morning,1,2025-04-01 00:12:00
bus_3,4.759819166850122,-74.7945302251971,4,route_2,28.05373631705186,Rainy,Afternoon,2,2025-04-01 00:13:00
bus_4,4.513565601031857,-74.74126660429494,12,route_2,30.42277907042413,Cloudy,Morning,2,2025-04-01 00:14:00
bus_1,4.507910092349175,-74.79773113750656,30,route_1,43.98486084166726,Sunny,Evening,3,2025-04-01 00:15:00
bus_4,4.612939010063415,-74.60575758575362,15,route_1,12.83402160829177,Cloudy,Afternoon,1,2025-04-01 00:16:00
bus_4,4.74316599923455,-74.53059083531501,31,route_2,11.73363521130332,Sunny,Morning,1,2025-04-01 00:17:00
bus_4,4.796182838794483,-74.72695531102711,21,route_3,29.595528147195452,Cloudy,Afternoon,1,2025-04-01 00:18:00
bus_3,4.545125067331059,-74.52188963656111,28,route_2,44.85818460689902,Cloudy,Afternoon,1,2025-04-01 00:19:00
bus_2,4.67823921460564,-74.78191978291314,21,route_1,19.671767147824127,Sunny,Morning,3,2025-04-01 00:20:00
bus_1,4.614267256989306,-74.51966919195834,2,route_3,42.07522406281259,Cloudy,Afternoon,2,2025-04-01 00:21:00
bus_2,4.790974319344381,-74.6945131938281,9,route_1,22.991406897014976,Cloudy,Afternoon,2,2025-04-01 00:22:00
bus_4,4.752635676940712,-74.76957375146523,20,route_3,54.30430544067582,Cloudy,Afternoon,1,2025-04-01 00:23:00
bus_4,4.751498611413341,-74.6542384722441,15,route_1,54.78449721333082,Rainy,Afternoon,1,2025-04-01 00:24:00
bus_2,4.640607947938491,-74.72296702968384,11,route_3,24.864360214066323,Sunny,Evening,1,2025-04-01 00:25:00
bus_2,4.624445850701299,-74.71453812941142,1,route_3,21.499687698162028,Cloudy,Afternoon,3,2025-04-01 00:26:00
bus_2,4.582022121579212,-74.70781301052212,23,route_1,30.565198603311565,Sunny,Afternoon,3,2025-04-01 00:27:00
bus_4,4.5169126489952784,-74.5590922306502,34,route_3,22.026579259007434,Sunny,Morning,2,2025-04-01 00:28:00
bus_4,4.759416712876516,-74.63825161699742,29,route_2,43.61919216458518,Sunny,Evening,1,2025-04-01 00:29:00
bus_1,4.743870302739023,-74.7066076902532,29,route_1,51.30323422741428,Cloudy,Morning,1,2025-04-01 00:30:00
bus_1,4.799915301985839,-74.61689986500673,34,route_2,43.65460654556085,Cloudy,Morning,1,2025-04-01 00:31:00
bus_4,4.798991051122171,-74.58515479773304,18,route_1,51.21752236246748,Sunny,Morning,1,2025-04-01 00:32:00
bus_2,4.666629511680788,-74.71821279977993,7,route_3,29.84960811037371,Rainy,Evening,3,2025-04-01 00:33:00
bus_2,4.730696224554153,-74.67593526954239,25,route_3,17.815848535443042,Sunny,Morning,2,2025-04-01 00:34:00
bus_1,4.783429718964729,-74.76343417199891,39,route_3,46.89754736987961,Rainy,Morning,2,2025-04-01 00:35:00
bus_4,4.754894217203224,-74.74565519513959,6,route_1,28.023725257077693,Sunny,Morning,3,2025-04-01 00:36:00
bus_1,4.574204430522959,-74.59566464381051,29,route_2,43.56354126145663,Sunny,Afternoon,1,2025-04-01 00:37:00
bus_1,4.635163240593028,-74.74556849569132,6,route_2,23.532197099088282,Sunny,Morning,2,2025-04-01 00:38:00
bus_3,4.538747824545449,-74.64245098489988,2,route_1,14.061481740333633,Cloudy,Evening,2,2025-04-01 00:39:00
bus_3,4.786215308177616,-74.58728612148327,0,route_1,59.62908977438817,Rainy,Evening,3,2025-04-01 00:40:00
bus_3,4.681852390335264,-74.76793692307157,35,route_2,17.810075396529964,Rainy,Afternoon,1,2025-04-01 00:41:00
bus_2,4.568592841651038,-74.62980633411132,24,route_2,59.42104969817405,Sunny,Evening,2,2025-04-01 00:42:00
bus_4,4.701510205321757,-74.72303116488959,36,route_2,58.86399662832236,Cloudy,Evening,1,2025-04-01 00:43:00
bus_4,4.685438472137369,-74.51112193742873,0,route_2,49.69090519540198,Cloudy,Afternoon,2,2025-04-01 00:44:00
bus_4,4.607448815409852,-74.65493630598402,14,route_1,42.97114810409988,Rainy,Morning,3,2025-04-01 00:45:00
bus_4,4.534067277659888,-74.55820223506745,36,route_1,38.89035251255423,Cloudy,Afternoon,1,2025-04-01 00:46:00
bus_3,4.70147195867784,-74.63493203735312,12,route_3,53.305077268891736,Rainy,Morning,3,2025-04-01 00:47:00
bus_2,4.656092310271138,-74.78697624014355,39,route_2,24.471976080974397,Rainy,Morning,2,2025-04-01 00:48:00
bus_2,4.731695517520691,-74.6100545873218,7,route_3,33.38406062424385,Rainy,Evening,3,2025-04-01 00:49:00
bus_3,4.656049050333598,-74.514578997338,4,route_1,40.9694984683251,Cloudy,Afternoon,3,2025-04-01 00:50:00
bus_2,4.7556544500955615,-74.6195164539561,8,route_1,30.559523793474554,Rainy,Evening,3,2025-04-01 00:51:00
bus_3,4.665572051632346,-74.55424334217196,0,route_3,31.3743227045134,Rainy,Evening,2,2025-04-01 00:52:00
bus_4,4.668281391460615,-74.53473806099548,35,route_2,26.51423337510422,Sunny,Morning,1,2025-04-01 00:53:00
bus_3,4.762996080797503,-74.73157606841532,34,route_2,38.2115908342268,Rainy,Evening,3,2025-04-01 00:54:00
bus_4,4.621044859863719,-74.73638654802753,1,route_2,52.5287264007558,Rainy,Afternoon,1,2025-04-01 00:55:00
bus_4,4.540204568535192,-74.6167057033447,39,route_2,20.076418900315645,Sunny,Evening,2,2025-04-01 00:56:00
bus_1,4.508634802894002,-74.67669145905799,22,route_3,56.72165193767207,Sunny,Evening,1,2025-04-01 00:57:00
bus_3,4.726541176702086,-74.54804160913999,8,route_3,44.45438268741148,Cloudy,Morning,3,2025-04-01 00:58:00
bus_1,4.68609286540604,-74.5299930629806,33,route_1,51.16366063400151,Rainy,Afternoon,3,2025-04-01 00:59:00
bus_3,4.711223930429767,-74.69397358620918,13,route_2,37.80953463150058,Cloudy,Evening,3,2025-04-01 01:00:00
bus_3,4.563889248452673,-74.72893883230765,3,route_2,48.97583507120317,Cloudy,Morning,3,2025-04-01 01:01:00
bus_1,4.540911442676031,-74.56584234542684,29,route_2,10.810019866973361,Sunny,Evening,3,2025-04-01 01:02:00
bus_1,4.504363399700365,-74.71755818933556,30,route_3,50.91902123897676,Cloudy,Afternoon,3,2025-04-01 01:03:00
bus_3,4.605176267641979,-74.55321570444589,37,route_2,12.006942954268325,Rainy,Evening,2,2025-04-01 01:04:00
bus_2,4.67697530605639,-74.67287852390537,10,route_3,54.49566881814312,Sunny,Evening,2,2025-04-01 01:05:00
bus_4,4.61767321352992,-74.59973503021256,34,route_2,59.59813736193217,Rainy,Morning,2,2025-04-01 01:06:00
bus_1,4.6312424766071185,-74.7713394058496,7,route_2,24.70337310883889,Rainy,Evening,1,2025-04-01 01:07:00
bus_4,4.771247608348125,-74.61284220259702,2,route_1,20.515927814289682,Sunny,Morning,1,2025-04-01 01:08:00
bus_2,4.60447664010699,-74.66446969637883,13,route_2,48.26816819290204,Rainy,Afternoon,2,2025-04-01 01:09:00
bus_2,4.6541968467479435,-74.62401746104736,12,route_2,22.65131704601266,Sunny,Evening,1,2025-04-01 01:10:00
bus_2,4.735095903822343,-74.74959573767654,31,route_1,53.278119158610174,Rainy,Afternoon,1,2025-04-01 01:11:00
bus_1,4.618962834696381,-74.57893787651675,33,route_3,15.142129607873835,Sunny,Afternoon,3,2025-04-01 01:12:00
bus_2,4.686626010068362,-74.54116087673702,18,route_3,16.29775981896791,Cloudy,Evening,3,2025-04-01 01:13:00
bus_1,4.7587091126240235,-74.73497805997276,37,route_2,58.957577755030776,Rainy,Morning,1,2025-04-01 01:14:00
bus_2,4.784856187097293,-74.77128563334395,15,route_3,43.69194491350023,Sunny,Afternoon,1,2025-04-01 01:15:00
bus_4,4.544122044278711,-74.7929084241861,1,route_2,52.34436122144764,Rainy,Afternoon,2,2025-04-01 01:16:00
bus_4,4.777976287548448,-74.60740854986702,39,route_1,26.2164688675759,Rainy,Evening,1,2025-04-01 01:17:00
bus_3,4.647634887923862,-74.61787178917336,16,route_1,43.82418747603022,Rainy,Evening,3,2025-04-01 01:18:00
bus_4,4.577473316489687,-74.63599077618578,33,route_2,39.712091365429856,Sunny,Evening,1,2025-04-01 01:19:00
bus_3,4.6377407268714785,-74.7304158711652,15,route_1,40.15750600614735,Cloudy,Evening,2,2025-04-01 01:20:00
bus_4,4.7940097725856425,-74.68272820122834,37,route_1,44.126622976886075,Cloudy,Evening,3,2025-04-01 01:21:00
bus_1,4.647785428197861,-74.62165709944415,1,route_2,38.76795865645493,Cloudy,Evening,3,2025-04-01 01:22:00
bus_4,4.598625483086252,-74.65096994234224,1,route_2,31.453118465133297,Sunny,Morning,3,2025-04-01 01:23:00
bus_3,4.690020256295018,-74.50366434393554,25,route_1,23.796134719027343,Cloudy,Afternoon,3,2025-04-01 01:24:00
bus_3,4.572043685633458,-74.75906807423297,12,route_3,48.4290665456601,Sunny,Morning,1,2025-04-01 01:25:00
bus_2,4.522758998432599,-74.59145663378573,30,route_3,21.31362150015931,Rainy,Morning,2,2025-04-01 01:26:00
bus_1,4.538663916573195,-74.6787043695687,33,route_2,44.61771530772071,Rainy,Evening,1,2025-04-01 01:27:00
bus_4,4.538413751687331,-74.67154011552232,38,route_2,21.66664113246633,Cloudy,Afternoon,1,2025-04-01 01:28:00
bus_2,4.5455708080536885,-74.58472067030254,2,route_3,41.2665084977227,Sunny,Morning,3,2025-04-01 01:29:00
bus_4,4.541648151794823,-74.59226915460269,7,route_1,47.35391335645144,Rainy,Evening,2,2025-04-01 01:30:00
bus_4,4.6922624234409644,-74.50262320188935,22,route_3,20.93569444532696,Sunny,Evening,3,2025-04-01 01:31:00
bus_2,4.554564025319744,-74.76148171316376,13,route_3,12.997165043065415,Sunny,Afternoon,1,2025-04-01 01:32:00
bus_2,4.603700184997159,-74.76876710518475,26,route_3,16.548687149708705,Rainy,Morning,1,2025-04-01 01:33:00
bus_2,4.7690365229718035,-74.58269835486138,28,route_3,40.29984836355128,Sunny,Morning,3,2025-04-01 01:34:00
bus_2,4.642188492078861,-74.62648392489808,38,route_2,52.47232031128678,Rainy,Morning,1,2025-04-01 01:35:00
bus_2,4.700267321556308,-74.71775180003206,38,route_2,12.249841061771217,Rainy,Evening,1,2025-04-01 01:36:00
bus_4,4.551695961360489,-74.7761741893033,0,route_1,46.70756295208231,Rainy,Afternoon,3,2025-04-01 01:37:00
bus_2,4.557686705642602,-74.77430252512107,16,route_1,27.065932297502606,Sunny,Afternoon,1,2025-04-01 01:38:00
bus_1,4.512260584879944,-74.53174273760077,29,route_1,33.92641849597612,Rainy,Morning,2,2025-04-01 01:39:00
bus_3,4.5506805189216495,-74.74243980258437,12,route_1,56.44297749227828,Sunny,Evening,3,2025-04-01 01:40:00
bus_2,4.583577101709587,-74.70298853136534,20,route_3,26.598575236792275,Rainy,Morning,2,2025-04-01 01:41:00
bus_2,4.553103145283024,-74.7320030793319,18,route_2,33.2668466969743,Rainy,Afternoon,1,2025-04-01 01:42:00
bus_4,4.526610760127117,-74.69350110825042,18,route_2,10.684120738034055,Cloudy,Evening,1,2025-04-01 01:43:00
bus_2,4.536190761330181,-74.77917284717617,24,route_1,14.079936000241918,Cloudy,Morning,3,2025-04-01 01:44:00
bus_2,4.638233630409817,-74.64428206272751,21,route_1,22.9295795567392,Cloudy,Morning,1,2025-04-01 01:45:00
bus_2,4.561900115521738,-74.77971623092233,30,route_3,11.39261204105372,Sunny,Evening,3,2025-04-01 01:46:00
bus_4,4.6092809583144225,-74.55989304765329,16,route_3,41.56876630241255,Sunny,Afternoon,3,2025-04-01 01:47:00
bus_2,4.651025181256457,-74.72988637542687,22,route_1,31.319917840081125,Rainy,Evening,3,2025-04-01 01:48:00
bus_3,4.707118448588809,-74.63799642561865,31,route_2,37.407260136401106,Rainy,Morning,3,2025-04-01 01:49:00
bus_4,4.5117936419523295,-74.53597627373156,9,route_2,18.732359294816476,Rainy,Morning,3,2025-04-01 01:50:00
bus_3,4.739823119672713,-74.60473678928584,9,route_2,24.796601471830805,Rainy,Morning,2,2025-04-01 01:51:00
bus_4,4.688370116847272,-74.6401126640346,35,route_1,43.191223742636254,Sunny,Morning,3,2025-04-01 01:52:00
bus_2,4.524527709584661,-74.70269987406539,7,route_2,58.26513618151999,Rainy,Afternoon,2,2025-04-01 01:53:00
bus_3,4.762073587232033,-74.70009942608255,19,route_3,12.52083868011046,Rainy,Afternoon,1,2025-04-01 01:54:00
bus_4,4.776261720159543,-74.59915391344055,31,route_3,54.519216042763304,Cloudy,Morning,3,2025-04-01 01:55:00
bus_1,4.5183233879564595,-74.50175819163366,13,route_1,38.84406006556043,Rainy,Afternoon,1,2025-04-01 01:56:00
bus_2,4.583063294444161,-74.60144824304518,27,route_3,38.195978337781185,Rainy,Afternoon,3,2025-04-01 01:57:00
bus_4,4.741860383937918,-74.632664974789,23,route_1,35.01392676038802,Rainy,Afternoon,2,2025-04-01 01:58:00
bus_1,4.724477907115097,-74.58080484692823,14,route_2,13.46970429520917,Sunny,Morning,2,2025-04-01 01:59:00
bus_4,4.555356305806913,-74.66043831631488,21,route_2,14.493842586808032,Cloudy,Evening,2,2025-04-01 02:00:00
bus_1,4.5628047970010135,-74.78195729721976,29,route_2,40.045600282954304,Rainy,Evening,1,2025-04-01 02:01:00
bus_2,4.611141630837414,-74.63131095523663,3,route_3,27.047928571777916,Rainy,Evening,3,2025-04-01 02:02:00
bus_3,4.645356895557306,-74.51271241464839,12,route_1,55.86340332888403,Cloudy,Morning,1,2025-04-01 02:03:00
bus_1,4.685476431459088,-74.7474091172927,22,route_2,30.329526867973613,Rainy,Afternoon,2,2025-04-01 02:04:00
bus_4,4.610674091870932,-74.5929985327538,7,route_1,17.164072935132054,Sunny,Afternoon,1,2025-04-01 02:05:00
bus_2,4.638760414839944,-74.73971989340228,17,route_2,45.7359416751018,Rainy,Morning,2,2025-04-01 02:06:00
bus_1,4.7242412814401264,-74.63925169465807,11,route_3,24.667671072050492,Sunny,Morning,2,2025-04-01 02:07:00
bus_4,4.511004960867179,-74.77099706510599,30,route_3,36.27351536779466,Sunny,Evening,2,2025-04-01 02:08:00
bus_4,4.575731083303206,-74.66488871912254,13,route_1,44.8916392752585,Rainy,Evening,3,2025-04-01 02:09:00
bus_4,4.714004875765365,-74.57315100133142,33,route_3,55.01320556010352,Cloudy,Morning,3,2025-04-01 02:10:00
bus_1,4.7685620513061595,-74.6957285427283,17,route_3,49.6095597400838,Sunny,Evening,2,2025-04-01 02:11:00
bus_1,4.6535032326347,-74.60052648265383,33,route_1,43.818053393636205,Cloudy,Afternoon,1,2025-04-01 02:12:00
bus_1,4.659634045579595,-74.56136501176309,10,route_2,43.98165911975718,Rainy,Morning,1,2025-04-01 02:13:00
bus_3,4.532151603401933,-74.52184665415616,11,route_3,57.296232201604326,Sunny,Morning,3,2025-04-01 02:14:00
bus_1,4.634223710047037,-74.72960737544336,14,route_1,24.791204874826803,Rainy,Afternoon,2,2025-04-01 02:15:00
bus_1,4.659785179936507,-74.68020522525721,30,route_3,10.055604709809371,Cloudy,Afternoon,1,2025-04-01 02:16:00
bus_1,4.572741151090419,-74.75427519600088,28,route_3,23.597727969909933,Rainy,Afternoon,2,2025-04-01 02:17:00
bus_3,4.580772969284814,-74.50225494935249,25,route_3,20.8945689813372,Rainy,Evening,1,2025-04-01 02:18:00
bus_1,4.613185248931387,-74.52189970962272,17,route_3,43.09172925569991,Sunny,Morning,3,2025-04-01 02:19:00
bus_4,4.506021359333318,-74.63801286091584,31,route_1,41.68557998827645,Rainy,Evening,2,2025-04-01 02:20:00
bus_1,4.596623749674953,-74.54739001168707,21,route_1,39.67306913523619,Rainy,Afternoon,2,2025-04-01 02:21:00
bus_4,4.563434402098963,-74.64371260681838,37,route_1,10.812172160472684,Rainy,Evening,1,2025-04-01 02:22:00
bus_4,4.598249205653374,-74.61292429359916,16,route_3,46.438902722532376,Sunny,Afternoon,1,2025-04-01 02:23:00
bus_4,4.535928639545776,-74.7732626703652,22,route_3,26.176520624274577,Cloudy,Evening,1,2025-04-01 02:24:00
bus_3,4.767158184221969,-74.57341887385095,23,route_3,43.25279945033156,Cloudy,Evening,2,2025-04-01 02:25:00
bus_3,4.678077736066214,-74.76168595490942,7,route_1,37.828921425107666,Rainy,Afternoon,3,2025-04-01 02:26:00
bus_3,4.703730695743347,-74.55217971092424,5,route_3,27.13654627139536,Sunny,Evening,3,2025-04-01 02:27:00
bus_1,4.736751371582201,-74.56539157369889,4,route_2,16.72881335520539,Rainy,Morning,1,2025-04-01 02:28:00
bus_4,4.649532659678717,-74.58737659067711,28,route_3,14.720944883024048,Cloudy,Evening,3,2025-04-01 02:29:00
bus_3,4.526076086426227,-74.78915188584257,27,route_2,51.57591665561118,Sunny,Evening,1,2025-04-01 02:30:00
bus_3,4.661131962545564,-74.7090614932164,10,route_3,55.9198771040779,Cloudy,Morning,3,2025-04-01 02:31:00
bus_1,4.676052335406264,-74.72106622902675,0,route_1,42.48940233821498,Cloudy,Afternoon,2,2025-04-01 02:32:00
bus_3,4.7236318422552985,-74.69195907775854,18,route_3,15.17170574302417,Sunny,Morning,1,2025-04-01 02:33:00
bus_1,4.629497863868904,-74.77370717597084,8,route_2,30.101360844412035,Sunny,Evening,3,2025-04-01 02:34:00
bus_2,4.538274090838669,-74.51891265309068,26,route_2,46.446960005257864,Rainy,Afternoon,2,2025-04-01 02:35:00
bus_3,4.585132771739617,-74.63385932778628,33,route_3,48.9910442005034,Rainy,Evening,3,2025-04-01 02:36:00
bus_2,4.608924688919591,-74.7083427068026,3,route_2,15.91093111455443,Cloudy,Evening,2,2025-04-01 02:37:00
bus_1,4.69377517239948,-74.68090554487772,35,route_2,10.00153594226912,Sunny,Morning,2,2025-04-01 02:38:00
bus_4,4.671233491400674,-74.66583923784854,17,route_1,45.60685229403025,Sunny,Morning,3,2025-04-01 02:39:00
bus_3,4.606829017769353,-74.61982169999182,14,route_3,27.829808799310282,Rainy,Afternoon,3,2025-04-01 02:40:00
bus_1,4.795954574637894,-74.64529617169104,12,route_3,22.72406658091301,Cloudy,Afternoon,2,2025-04-01 02:41:00
bus_4,4.681732445807066,-74.52418240803567,18,route_3,10.644873489476272,Cloudy,Afternoon,2,2025-04-01 02:42:00
bus_4,4.571168037520798,-74.65091095512825,5,route_2,37.01497033807499,Rainy,Evening,2,2025-04-01 02:43:00
bus_2,4.530534741786121,-74.502352595553,11,route_3,52.557536771299084,Sunny,Morning,1,2025-04-01 02:44:00
bus_1,4.5458577417553,-74.54457251267647,36,route_3,57.881582313629394,Rainy,Morning,2,2025-04-01 02:45:00
bus_4,4.573787318515352,-74.7374468456928,16,route_1,38.28724753066446,Rainy,Morning,1,2025-04-01 02:46:00
bus_3,4.548204411977867,-74.52082143560682,22,route_1,35.72306638699471,Rainy,Afternoon,2,2025-04-01 02:47:00
bus_3,4.5559701072153915,-74.76509008063435,25,route_1,14.252819274462055,Rainy,Morning,1,2025-04-01 02:48:00
bus_2,4.585528550608154,-74.55476508745264,28,route_2,37.443640077129984,Sunny,Morning,2,2025-04-01 02:49:00
bus_4,4.552012078588427,-74.68581301195702,32,route_3,28.99895394826973,Rainy,Morning,2,2025-04-01 02:50:00
bus_1,4.769029627387927,-74.53660770386648,26,route_1,40.356764044178846,Sunny,Afternoon,2,2025-04-01 02:51:00
bus_3,4.524070123698492,-74.53958299296777,24,route_1,29.436317393827334,Rainy,Morning,3,2025-04-01 02:52:00
bus_4,4.657353416871076,-74.55822237996472,9,route_1,22.01495617251834,Cloudy,Afternoon,3,2025-04-01 02:53:00
bus_4,4.623119048096898,-74.56299086910788,22,route_3,14.748263761418825,Sunny,Morning,2,2025-04-01 02:54:00
bus_2,4.794713585072582,-74.70859625827059,20,route_3,25.745922229444787,Cloudy,Morning,1,2025-04-01 02:55:00
bus_3,4.533611670650416,-74.77572421508462,20,route_3,14.832241714387614,Rainy,Morning,1,2025-04-01 02:56:00
bus_3,4.619356679713722,-74.67910594637046,12,route_2,18.844847541199197,Rainy,Afternoon,2,2025-04-01 02:57:00
bus_1,4.790841129982611,-74.74794264550404,36,route_2,59.366807928977295,Rainy,Afternoon,3,2025-04-01 02:58:00
bus_3,4.759652137768194,-74.59151467332926,32,route_1,32.20517784533093,Sunny,Morning,1,2025-04-01 02:59:00
bus_1,4.745121621284784,-74.69617008203866,23,route_3,36.59358832525083,Cloudy,Evening,3,2025-04-01 03:00:00
bus_3,4.577370848113482,-74.50731693974203,10,route_1,53.680926436860766,Sunny,Afternoon,1,2025-04-01 03:01:00
bus_2,4.55126627621702,-74.6077083767964,16,route_3,59.77844502453439,Sunny,Afternoon,2,2025-04-01 03:02:00
bus_3,4.70059296597733,-74.55325583090969,3,route_3,39.135722467234075,Rainy,Morning,3,2025-04-01 03:03:00
bus_1,4.778812796738276,-74.76024259817744,24,route_3,50.623691052208585,Cloudy,Evening,1,2025-04-01 03:04:00
bus_1,4.667028867904179,-74.54139565531821,29,route_2,26.347051216833762,Rainy,Morning,2,2025-04-01 03:05:00
bus_2,4.671483806840969,-74.52317284284598,8,route_2,25.287197872364555,Sunny,Afternoon,2,2025-04-01 03:06:00
bus_3,4.583993728098085,-74.65388142435432,20,route_3,30.13518604972801,Rainy,Afternoon,2,2025-04-01 03:07:00
bus_3,4.730847879957581,-74.6181241186747,19,route_1,43.625363133682455,Cloudy,Morning,3,2025-04-01 03:08:00
bus_2,4.556113124567257,-74.5705570597291,18,route_3,44.10958446275494,Rainy,Morning,3,2025-04-01 03:09:00
bus_3,4.597103770921273,-74.74754841182187,18,route_3,25.76197173247254,Cloudy,Evening,2,2025-04-01 03:10:00
bus_3,4.627630931584925,-74.64923017706097,11,route_1,16.660496206831432,Cloudy,Evening,3,2025-04-01 03:11:00
bus_1,4.652283113605336,-74.6804010916683,36,route_3,41.619812823275424,Rainy,Afternoon,1,2025-04-01 03:12:00
bus_3,4.572722919724524,-74.75608780235132,16,route_1,16.416293109438225,Sunny,Evening,2,2025-04-01 03:13:00
bus_3,4.534451047421761,-74.68973967331254,36,route_2,38.92462541146651,Rainy,Evening,2,2025-04-01 03:14:00
bus_2,4.68318601273249,-74.77954830718436,38,route_2,44.67110640281545,Sunny,Afternoon,3,2025-04-01 03:15:00
bus_2,4.586589165972077,-74.79225642791515,27,route_1,45.03057481972258,Sunny,Afternoon,2,2025-04-01 03:16:00
bus_4,4.674371466426783,-74.75945011325355,34,route_2,47.673605532979835,Rainy,Afternoon,1,2025-04-01 03:17:00
bus_1,4.546308814582261,-74.51106546652325,17,route_2,53.642971078283225,Sunny,Afternoon,3,2025-04-01 03:18:00
bus_3,4.644342030556445,-74.6351411392315,13,route_1,34.99794959823942,Sunny,Morning,3,2025-04-01 03:19:00
bus_3,4.659776829765476,-74.51025335165403,34,route_2,46.51245947647856,Rainy,Afternoon,2,2025-04-01 03:20:00
bus_4,4.515547061046728,-74.67025063650095,6,route_3,40.95863676829184,Rainy,Afternoon,2,2025-04-01 03:21:00
bus_3,4.600981283458176,-74.70645516007443,12,route_3,19.33199698988413,Rainy,Afternoon,2,2025-04-01 03:22:00
bus_1,4.5403244030816925,-74.64815744114793,17,route_1,11.284482243470409,Sunny,Evening,3,2025-04-01 03:23:00
bus_4,4.51901249114183,-74.66814649341012,36,route_2,24.22706928384669,Cloudy,Afternoon,2,2025-04-01 03:24:00
bus_1,4.796988069716983,-74.76830059472148,12,route_3,32.15168531688097,Sunny,Morning,1,2025-04-01 03:25:00
bus_4,4.596706153492417,-74.60775210559294,35,route_3,40.855297221432814,Cloudy,Morning,2,2025-04-01 03:26:00
bus_4,4.74296233375639,-74.73518854524711,30,route_2,52.497966525160265,Rainy,Afternoon,2,2025-04-01 03:27:00
bus_2,4.576392196429129,-74.61412361353065,1,route_2,19.81228583530828,Cloudy,Morning,3,2025-04-01 03:28:00
bus_1,4.704450816667179,-74.60493967228055,15,route_3,16.277489494923856,Rainy,Evening,2,2025-04-01 03:29:00
bus_3,4.728068357966906,-74.7543925440614,8,route_3,58.173997373716375,Rainy,Afternoon,3,2025-04-01 03:30:00
bus_3,4.678691622182353,-74.78159511186679,8,route_1,15.402227968820355,Cloudy,Morning,2,2025-04-01 03:31:00
bus_1,4.641472856565048,-74.56577152417947,37,route_1,33.924553505359455,Rainy,Morning,1,2025-04-01 03:32:00
bus_3,4.62355227424418,-74.66205987286921,10,route_3,39.27818643966509,Cloudy,Afternoon,1,2025-04-01 03:33:00
bus_3,4.604660479962899,-74.78255086134835,21,route_1,37.068721045371916,Rainy,Morning,3,2025-04-01 03:34:00
bus_1,4.7788587432743475,-74.50154010484907,32,route_3,14.30160785164716,Sunny,Afternoon,3,2025-04-01 03:35:00
bus_4,4.749185822336319,-74.78266583170108,35,route_3,12.851345700180968,Sunny,Morning,2,2025-04-01 03:36:00
bus_1,4.789508073199953,-74.59148943134244,22,route_1,15.274171373051784,Rainy,Evening,2,2025-04-01 03:37:00
bus_4,4.537289167045663,-74.50489632242098,33,route_1,39.27938419363063,Rainy,Morning,1,2025-04-01 03:38:00
bus_3,4.719260242561093,-74.72824596873522,8,route_2,37.21724438171606,Cloudy,Morning,2,2025-04-01 03:39:00
bus_3,4.781502137046311,-74.75732518939384,23,route_2,21.687039601837213,Sunny,Afternoon,1,2025-04-01 03:40:00
bus_3,4.554369919849698,-74.76358451817327,7,route_2,41.888707092279574,Cloudy,Morning,3,2025-04-01 03:41:00
bus_2,4.519948880210033,-74.70901745572972,6,route_3,51.00337510278247,Rainy,Afternoon,2,2025-04-01 03:42:00
bus_4,4.722336194787018,-74.7696862566968,35,route_1,12.078947992329688,Rainy,Evening,3,2025-04-01 03:43:00
bus_2,4.672341933953973,-74.59235159749176,17,route_3,34.906497177402116,Cloudy,Afternoon,2,2025-04-01 03:44:00
bus_2,4.752548633027481,-74.78131246056098,2,route_1,44.465520605134515,Rainy,Afternoon,1,2025-04-01 03:45:00
bus_1,4.5419317129878864,-74.64717336155506,27,route_3,22.615596353484356,Sunny,Morning,3,2025-04-01 03:46:00
bus_2,4.738580193557967,-74.5009909438441,5,route_2,25.388545264657456,Cloudy,Evening,3,2025-04-01 03:47:00
bus_1,4.560488196014323,-74.55580891914819,20,route_2,40.68189514946919,Sunny,Afternoon,2,2025-04-01 03:48:00
bus_1,4.549096782859712,-74.6154341685307,27,route_2,54.89676467218685,Sunny,Morning,3,2025-04-01 03:49:00
bus_2,4.549279739379298,-74.70812391376401,39,route_3,50.49622101514497,Sunny,Morning,1,2025-04-01 03:50:00
bus_4,4.744372416069415,-74.6128312491125,0,route_1,39.156510954979176,Cloudy,Afternoon,3,2025-04-01 03:51:00
bus_4,4.69955916620886,-74.6418875608265,35,route_1,46.51108588786246,Rainy,Morning,3,2025-04-01 03:52:00
bus_4,4.656919627430736,-74.67217498483289,20,route_2,28.241123510389933,Sunny,Afternoon,2,2025-04-01 03:53:00
bus_4,4.60764914523705,-74.76078688697794,34,route_2,42.04827640493789,Sunny,Afternoon,3,2025-04-01 03:54:00
bus_4,4.763160162243932,-74.53401873542786,12,route_2,33.30907955637785,Sunny,Afternoon,2,2025-04-01 03:55:00
bus_2,4.617733532226791,-74.6650646053536,9,route_2,19.496806822878046,Rainy,Evening,2,2025-04-01 03:56:00
bus_2,4.744979831841473,-74.74161324645377,9,route_1,45.08691369386286,Rainy,Afternoon,3,2025-04-01 03:57:00
bus_3,4.631740472571066,-74.68967219473681,12,route_3,37.8232318674411,Cloudy,Morning,1,2025-04-01 03:58:00
bus_4,4.613083328827472,-74.67576107424132,36,route_3,27.93107909767957,Rainy,Evening,2,2025-04-01 03:59:00
bus_2,4.6388039357008815,-74.55173863132994,37,route_3,55.566959503931535,Cloudy,Morning,3,2025-04-01 04:00:00
bus_3,4.590413362249243,-74.57991568583158,23,route_3,11.046705891336664,Cloudy,Evening,2,2025-04-01 04:01:00
bus_4,4.724282814052875,-74.56920853190759,1,route_2,25.7886575624748,Cloudy,Evening,1,2025-04-01 04:02:00
bus_1,4.650816117027744,-74.7966906206714,21,route_2,12.844069888882327,Cloudy,Evening,1,2025-04-01 04:03:00
bus_3,4.569663808544045,-74.67515380054607,16,route_2,48.32636581108136,Cloudy,Evening,2,2025-04-01 04:04:00
bus_2,4.769872371982371,-74.6555967545094,35,route_3,45.10537270568963,Sunny,Morning,1,2025-04-01 04:05:00
bus_1,4.6151673664119635,-74.79424231695307,13,route_2,26.567610936815854,Rainy,Afternoon,3,2025-04-01 04:06:00
bus_1,4.663065858334196,-74.72205603737649,9,route_2,43.78314511035365,Sunny,Morning,3,2025-04-01 04:07:00
bus_1,4.771941633289364,-74.57191305306335,34,route_1,29.796861309797492,Cloudy,Afternoon,2,2025-04-01 04:08:00
bus_3,4.687271398774198,-74.75886708828129,24,route_1,47.812689571121716,Rainy,Morning,1,2025-04-01 04:09:00
bus_2,4.5350694122125095,-74.63940696056422,2,route_2,32.70918313683531,Sunny,Evening,3,2025-04-01 04:10:00
bus_1,4.781949637084042,-74.73543943839482,37,route_1,30.61398639158328,Sunny,Evening,3,2025-04-01 04:11:00
bus_4,4.688312415921425,-74.79636376760683,16,route_1,56.73649577441505,Cloudy,Afternoon,3,2025-04-01 04:12:00
bus_1,4.600471684397125,-74.72763956272014,11,route_2,22.543954994535014,Sunny,Afternoon,2,2025-04-01 04:13:00
bus_1,4.541781621799016,-74.50723787352699,23,route_2,16.02236699982827,Sunny,Morning,2,2025-04-01 04:14:00
bus_3,4.738207556781089,-74.5595388664351,28,route_2,39.227155662972905,Sunny,Afternoon,3,2025-04-01 04:15:00
bus_3,4.686021826778554,-74.5121270067037,24,route_2,58.466090614208944,Sunny,Morning,3,2025-04-01 04:16:00
bus_2,4.660038327592896,-74.65364378682209,35,route_3,28.891960686359333,Sunny,Afternoon,1,2025-04-01 04:17:00
bus_4,4.7681677749152875,-74.76707914039675,25,route_3,13.101838181439076,Cloudy,Afternoon,1,2025-04-01 04:18:00
bus_3,4.7365791633673595,-74.63561215330789,37,route_2,26.96526336547837,Cloudy,Afternoon,1,2025-04-01 04:19:00
bus_1,4.545502463919825,-74.663686799632,0,route_1,35.29658271597792,Sunny,Evening,2,2025-04-01 04:20:00
bus_2,4.593516620338664,-74.54669287517811,19,route_2,18.096150331610687,Cloudy,Evening,3,2025-04-01 04:21:00
bus_1,4.5745467419443395,-74.77057522576473,27,route_2,42.9051109028246,Cloudy,Morning,2,2025-04-01 04:22:00
bus_1,4.723183887771803,-74.65352765889347,15,route_1,59.88746945051003,Rainy,Afternoon,3,2025-04-01 04:23:00
bus_3,4.510059730420734,-74.7549854005918,16,route_3,32.58697379907219,Sunny,Morning,1,2025-04-01 04:24:00
bus_2,4.670966905461395,-74.70259722193298,39,route_2,27.736427836510632,Cloudy,Afternoon,1,2025-04-01 04:25:00
bus_4,4.728737605722207,-74.57879287678367,27,route_2,30.035208341723333,Cloudy,Evening,1,2025-04-01 04:26:00
bus_4,4.763029691028525,-74.65719456118937,11,route_3,15.757308919760057,Sunny,Evening,1,2025-04-01 04:27:00
bus_3,4.602624524614773,-74.68723351445627,26,route_3,54.16368007131119,Rainy,Afternoon,3,2025-04-01 04:28:00
bus_3,4.746377191401604,-74.681657116429,29,route_1,30.7412827760676,Sunny,Afternoon,1,2025-04-01 04:29:00
bus_2,4.5331895210865625,-74.6621659694782,33,route_3,29.363720571242066,Rainy,Evening,3,2025-04-01 04:30:00
bus_4,4.753935687520356,-74.56449503684888,36,route_3,42.984513646523716,Sunny,Evening,3,2025-04-01 04:31:00
bus_4,4.538246598699595,-74.53237459331793,5,route_3,32.10167104655618,Sunny,Morning,2,2025-04-01 04:32:00
bus_4,4.61918618716811,-74.51339959404882,6,route_1,42.4116734403923,Sunny,Evening,1,2025-04-01 04:33:00
bus_1,4.739188609733866,-74.56392898412341,31,route_3,13.072314506539374,Sunny,Afternoon,1,2025-04-01 04:34:00
bus_4,4.544975228204632,-74.70537793127559,31,route_3,50.68616718611137,Rainy,Morning,2,2025-04-01 04:35:00
bus_1,4.568775418569793,-74.59355958817403,24,route_1,57.02519764397013,Rainy,Afternoon,3,2025-04-01 04:36:00
bus_2,4.71667577051792,-74.66871906278338,32,route_3,42.4382693079693,Cloudy,Morning,1,2025-04-01 04:37:00
bus_1,4.716010960963822,-74.72359881338619,6,route_3,57.72829644294054,Sunny,Afternoon,3,2025-04-01 04:38:00
bus_2,4.692344289865589,-74.54773852617222,11,route_1,17.571615718498165,Rainy,Evening,2,2025-04-01 04:39:00
bus_4,4.7081845333401295,-74.7884720953113,15,route_2,33.87080947401768,Rainy,Afternoon,3,2025-04-01 04:40:00
bus_4,4.662817333004279,-74.52947140235938,15,route_1,40.09033669727236,Rainy,Morning,1,2025-04-01 04:41:00
bus_2,4.575539717672086,-74.66155676061258,35,route_3,39.08683237105933,Sunny,Afternoon,3,2025-04-01 04:42:00
bus_3,4.6037087980511755,-74.60883955695752,12,route_3,30.07308895445216,Cloudy,Morning,3,2025-04-01 04:43:00
bus_2,4.554479315040427,-74.60219382333827,6,route_3,26.90422046831307,Rainy,Afternoon,1,2025-04-01 04:44:00
bus_3,4.772535168400088,-74.53146467778804,35,route_1,16.34120112752094,Sunny,Evening,1,2025-04-01 04:45:00
bus_1,4.675017538429836,-74.60899909534983,8,route_3,29.58712252811391,Rainy,Evening,3,2025-04-01 04:46:00
bus_1,4.620255425029092,-74.61581992457198,31,route_3,18.13304075527426,Rainy,Afternoon,3,2025-04-01 04:47:00
bus_1,4.63860174109324,-74.7800043878318,10,route_1,46.71828382461092,Cloudy,Afternoon,2,2025-04-01 04:48:00
bus_4,4.784185001883545,-74.64447759341644,7,route_2,20.4415467747295,Rainy,Afternoon,1,2025-04-01 04:49:00
bus_1,4.546005420934824,-74.75494929975488,32,route_2,12.928265264226692,Rainy,Morning,3,2025-04-01 04:50:00
bus_3,4.675868949605039,-74.57876986938355,22,route_3,37.61830689086172,Sunny,Afternoon,1,2025-04-01 04:51:00
bus_1,4.651766603665339,-74.64633342375619,24,route_1,39.76148663597008,Sunny,Afternoon,2,2025-04-01 04:52:00
bus_2,4.683436270630394,-74.59593166623749,7,route_3,53.59565306402528,Cloudy,Morning,3,2025-04-01 04:53:00
bus_2,4.505433055146252,-74.78749812981928,21,route_1,38.849080620884095,Sunny,Evening,3,2025-04-01 04:54:00
bus_4,4.761637172683245,-74.77456239518625,3,route_1,27.274042686172287,Sunny,Afternoon,3,2025-04-01 04:55:00
bus_2,4.779635484745084,-74.5851029835812,39,route_2,50.150594076316025,Cloudy,Afternoon,1,2025-04-01 04:56:00
bus_3,4.669539955076763,-74.7783746992004,2,route_2,37.01394465937105,Rainy,Evening,2,2025-04-01 04:57:00
bus_1,4.708995247163068,-74.77862298167042,28,route_1,13.964014231559588,Cloudy,Evening,1,2025-04-01 04:58:00
bus_4,4.776749814353188,-74.79636745742953,28,route_3,38.292528015662334,Sunny,Morning,3,2025-04-01 04:59:00
bus_1,4.7121715902940196,-74.51304958051016,33,route_2,55.40092727108312,Cloudy,Afternoon,2,2025-04-01 05:00:00
bus_1,4.545761712874278,-74.5787474921623,33,route_3,29.815631274911027,Rainy,Afternoon,3,2025-04-01 05:01:00
bus_3,4.672886508050044,-74.69402457744938,27,route_2,24.816290094990002,Cloudy,Morning,3,2025-04-01 05:02:00
bus_2,4.682014513914857,-74.7110393256137,12,route_2,17.173472850901003,Sunny,Evening,1,2025-04-01 05:03:00
bus_2,4.627239201390716,-74.69508903107625,14,route_3,17.572276096767865,Sunny,Morning,3,2025-04-01 05:04:00
bus_1,4.720933270687417,-74.56760394064564,22,route_2,31.638574217090945,Cloudy,Evening,2,2025-04-01 05:05:00
bus_4,4.780310104430704,-74.60158881667887,25,route_2,39.78399120807647,Rainy,Morning,3,2025-04-01 05:06:00
bus_2,4.777670553872032,-74.74444132963976,3,route_3,14.030770258480088,Cloudy,Evening,3,2025-04-01 05:07:00
bus_4,4.63525181142124,-74.74776719939977,25,route_2,56.978429451258286,Rainy,Morning,1,2025-04-01 05:08:00
bus_2,4.5339714137522265,-74.77048130508598,39,route_2,47.75668087225979,Rainy,Evening,2,2025-04-01 05:09:00
bus_4,4.7954523596887,-74.60190918408959,8,route_2,39.331195914183134,Cloudy,Evening,1,2025-04-01 05:10:00
bus_3,4.75166942593378,-74.57068820133348,4,route_3,51.42193354694954,Rainy,Evening,3,2025-04-01 05:11:00
bus_4,4.53739880436098,-74.72048607150249,31,route_1,14.009337840605664,Sunny,Evening,1,2025-04-01 05:12:00
bus_3,4.776252564785212,-74.79371651169072,19,route_3,33.841943886656225,Cloudy,Evening,1,2025-04-01 05:13:00
bus_3,4.760968908618638,-74.77534849975707,10,route_1,41.50465634308317,Rainy,Afternoon,1,2025-04-01 05:14:00
bus_4,4.655651417137822,-74.5096419895465,14,route_2,51.43264530591446,Sunny,Evening,1,2025-04-01 05:15:00
bus_3,4.6773826307234785,-74.71136656675677,31,route_1,49.17347800246338,Cloudy,Afternoon,3,2025-04-01 05:16:00
bus_1,4.619700811161039,-74.56923305564855,27,route_3,23.85346248566998,Sunny,Evening,3,2025-04-01 05:17:00
bus_3,4.516428491646609,-74.61260092934371,21,route_3,57.04400847796021,Sunny,Afternoon,2,2025-04-01 05:18:00
bus_2,4.60055917249377,-74.68541810810413,16,route_2,16.21729207154352,Sunny,Afternoon,1,2025-04-01 05:19:00
bus_4,4.740856034579403,-74.73829382134133,25,route_1,53.75668093105761,Rainy,Morning,1,2025-04-01 05:20:00
bus_1,4.501389606901381,-74.76358407455217,6,route_2,58.547012480230926,Cloudy,Evening,2,2025-04-01 05:21:00
bus_4,4.600049751507343,-74.61549610958834,25,route_2,18.85767616113128,Cloudy,Morning,1,2025-04-01 05:22:00
bus_2,4.619450608077283,-74.56760986580866,24,route_3,46.10330321018927,Rainy,Morning,2,2025-04-01 05:23:00
bus_2,4.661218680881377,-74.60682872393765,9,route_1,12.014275938899923,Cloudy,Evening,3,2025-04-01 05:24:00
bus_2,4.775956684923828,-74.64090936002525,18,route_1,30.271141256957748,Sunny,Morning,2,2025-04-01 05:25:00
bus_3,4.603903798309788,-74.78741463297051,10,route_1,35.8141649598837,Cloudy,Evening,1,2025-04-01 05:26:00
bus_3,4.604085960568868,-74.50945336672169,12,route_1,39.0322612954817,Rainy,Morning,2,2025-04-01 05:27:00
bus_4,4.721250374432924,-74.56038574250363,7,route_2,56.79686241242798,Sunny,Evening,3,2025-04-01 05:28:00
bus_4,4.635665382266942,-74.7121533889897,39,route_2,43.61253436470973,Rainy,Evening,1,2025-04-01 05:29:00
bus_1,4.567381446881995,-74.50600890119235,3,route_3,34.06389756096185,Sunny,Evening,3,2025-04-01 05:30:00
bus_1,4.635731854839808,-74.6194355231091,30,route_2,50.48375181329447,Sunny,Afternoon,3,2025-04-01 05:31:00
bus_4,4.54225710611394,-74.62527320253783,27,route_2,57.526641047720446,Cloudy,Morning,2,2025-04-01 05:32:00
bus_3,4.552916095951867,-74.57557804617115,10,route_3,11.103307434114543,Sunny,Afternoon,3,2025-04-01 05:33:00
bus_2,4.649510331821844,-74.55646906357296,0,route_3,59.126063612801936,Rainy,Morning,1,2025-04-01 05:34:00
bus_4,4.625677634851364,-74.60305641780054,37,route_3,14.306606953184016,Cloudy,Morning,3,2025-04-01 05:35:00
bus_1,4.77445377032043,-74.76157127609014,23,route_2,50.71933896343807,Rainy,Morning,3,2025-04-01 05:36:00
bus_3,4.60871816973499,-74.69851974820165,30,route_2,24.016737627570624,Sunny,Afternoon,2,2025-04-01 05:37:00
bus_4,4.6741765050834125,-74.52157490790219,25,route_3,16.608982887693585,Rainy,Morning,3,2025-04-01 05:38:00
bus_4,4.689679286375859,-74.73261531644684,4,route_3,31.992781985691746,Rainy,Afternoon,2,2025-04-01 05:39:00
bus_3,4.5039283369765,-74.68834989284875,19,route_3,42.19782897238068,Sunny,Evening,2,2025-04-01 05:40:00
bus_4,4.699061211605013,-74.67037693511674,10,route_2,29.04759225117375,Cloudy,Morning,1,2025-04-01 05:41:00
bus_3,4.5534107900609255,-74.66817850309167,32,route_2,12.728270414134947,Rainy,Morning,1,2025-04-01 05:42:00
bus_2,4.788321095240836,-74.61611812525165,37,route_1,39.97305698293583,Sunny,Evening,1,2025-04-01 05:43:00
bus_3,4.544598818325934,-74.51707724867659,26,route_2,55.120163805533736,Cloudy,Evening,1,2025-04-01 05:44:00
bus_3,4.624387237118107,-74.72779218645024,33,route_2,29.160768297362583,Cloudy,Morning,2,2025-04-01 05:45:00
bus_3,4.525604900423593,-74.76354958710972,14,route_2,20.81663888154135,Cloudy,Evening,3,2025-04-01 05:46:00
bus_4,4.799062275553784,-74.74075885304201,31,route_3,32.12886729664077,Rainy,Afternoon,1,2025-04-01 05:47:00
bus_4,4.650658503099373,-74.53392252993721,20,route_2,12.418135552439043,Rainy,Afternoon,1,2025-04-01 05:48:00
bus_3,4.678615505196013,-74.60625675620344,4,route_3,51.02437922401374,Rainy,Morning,1,2025-04-01 05:49:00
bus_4,4.520122943216529,-74.71422796322825,5,route_1,51.317040547509336,Cloudy,Afternoon,3,2025-04-01 05:50:00
bus_1,4.724988141119753,-74.55521591830941,37,route_1,39.40002317148142,Rainy,Afternoon,1,2025-04-01 05:51:00
bus_1,4.562971677928676,-74.54158900109097,21,route_3,27.655144446919476,Sunny,Morning,3,2025-04-01 05:52:00
bus_4,4.769416286832214,-74.54604569839292,17,route_3,49.989168222289166,Rainy,Evening,2,2025-04-01 05:53:00
bus_4,4.561541892144602,-74.52432203990813,13,route_3,37.73435123941836,Rainy,Morning,2,2025-04-01 05:54:00
bus_3,4.5572063161991,-74.72432769394798,9,route_2,51.29661542750081,Cloudy,Afternoon,2,2025-04-01 05:55:00
bus_2,4.510964900354429,-74.57348742137611,12,route_1,41.57293962915103,Rainy,Morning,3,2025-04-01 05:56:00
bus_4,4.641620083533,-74.66183815081776,30,route_3,49.22027366063986,Sunny,Morning,1,2025-04-01 05:57:00
bus_1,4.669452339978784,-74.54740043413298,29,route_2,39.928149660887996,Cloudy,Afternoon,1,2025-04-01 05:58:00
bus_3,4.5197125918285055,-74.58145279685152,2,route_1,30.70705341078331,Sunny,Afternoon,1,2025-04-01 05:59:00
bus_4,4.732658285008503,-74.56706576605008,29,route_2,57.89729299630688,Cloudy,Morning,1,2025-04-01 06:00:00
bus_1,4.6359866504244085,-74.60315144869568,5,route_1,37.055691243942235,Cloudy,Afternoon,1,2025-04-01 06:01:00
bus_1,4.657317080798274,-74.74677136915909,28,route_2,40.25447592702692,Rainy,Afternoon,3,2025-04-01 06:02:00
bus_2,4.632228824081468,-74.63649192433091,7,route_1,21.024381970737462,Sunny,Afternoon,2,2025-04-01 06:03:00
bus_3,4.6202289182625975,-74.50459907814265,32,route_1,41.28253947136382,Cloudy,Afternoon,1,2025-04-01 06:04:00
bus_3,4.667892099392465,-74.51878358005087,16,route_2,38.58038247414719,Rainy,Afternoon,2,2025-04-01 06:05:00
bus_2,4.546572073779214,-74.7870478792609,10,route_3,19.241919897351245,Cloudy,Afternoon,3,2025-04-01 06:06:00
bus_2,4.554578439148582,-74.75055555528117,12,route_1,12.979354867657186,Cloudy,Evening,3,2025-04-01 06:07:00
bus_3,4.758535686304055,-74.76048136796364,10,route_3,40.21796598573856,Cloudy,Morning,1,2025-04-01 06:08:00
bus_3,4.78383463864009,-74.58220602700442,30,route_2,48.18461346751603,Cloudy,Afternoon,3,2025-04-01 06:09:00
bus_4,4.611992794883926,-74.55466440104291,27,route_3,36.17006854610041,Cloudy,Morning,2,2025-04-01 06:10:00
bus_4,4.581223401943066,-74.73594659010679,5,route_3,21.338631265982286,Cloudy,Evening,1,2025-04-01 06:11:00
bus_2,4.693199862971705,-74.64824419211445,15,route_3,43.326098834651745,Rainy,Afternoon,1,2025-04-01 06:12:00
bus_4,4.622620251329429,-74.54778909159664,3,route_3,14.005286330480113,Cloudy,Morning,2,2025-04-01 06:13:00
bus_1,4.507615906698104,-74.58015953657012,34,route_3,32.09168524009773,Sunny,Afternoon,1,2025-04-01 06:14:00
bus_4,4.546845779209857,-74.63732883835245,25,route_1,18.168337919921008,Rainy,Afternoon,1,2025-04-01 06:15:00
bus_4,4.714791668654219,-74.62289569286237,11,route_1,19.22295255299417,Sunny,Afternoon,2,2025-04-01 06:16:00
bus_1,4.697677182573045,-74.64749183592511,10,route_1,20.114697457910182,Cloudy,Afternoon,1,2025-04-01 06:17:00
bus_2,4.508128797751045,-74.71073546460435,36,route_2,29.335352852198895,Sunny,Afternoon,1,2025-04-01 06:18:00
bus_1,4.566591648579885,-74.63049340214229,24,route_3,12.557510281019882,Cloudy,Afternoon,2,2025-04-01 06:19:00
bus_4,4.569322438976421,-74.59333440938497,17,route_1,29.88967204645491,Cloudy,Afternoon,3,2025-04-01 06:20:00
bus_2,4.7015678230796185,-74.53800312524176,18,route_2,35.585372355735046,Rainy,Evening,2,2025-04-01 06:21:00
bus_4,4.505913161326309,-74.60911259380623,22,route_1,34.16471424831626,Rainy,Evening,1,2025-04-01 06:22:00
bus_1,4.531232574595372,-74.57166353888705,37,route_1,29.139205020152026,Cloudy,Afternoon,2,2025-04-01 06:23:00
bus_1,4.739974825611957,-74.75197850951362,17,route_3,51.957330403537625,Rainy,Afternoon,1,2025-04-01 06:24:00
bus_4,4.5535633986163,-74.66153275767407,25,route_2,17.266334621025205,Sunny,Evening,1,2025-04-01 06:25:00
bus_3,4.695823832355562,-74.79720051405187,5,route_3,35.284837189068696,Rainy,Evening,2,2025-04-01 06:26:00
bus_3,4.571454834314018,-74.7259963406435,3,route_3,13.102070847827715,Rainy,Evening,1,2025-04-01 06:27:00
bus_1,4.529832417827803,-74.5820614854661,28,route_1,13.557783943895487,Sunny,Afternoon,3,2025-04-01 06:28:00
bus_1,4.5729516572998365,-74.5024570145952,33,route_3,38.69329248385482,Rainy,Morning,1,2025-04-01 06:29:00
bus_3,4.716680079556697,-74.77024657012383,16,route_2,38.30092124439105,Cloudy,Morning,2,2025-04-01 06:30:00
bus_3,4.756708940431886,-74.67955170524161,15,route_3,53.90167564222285,Sunny,Morning,3,2025-04-01 06:31:00
bus_4,4.749065959370097,-74.55997870939025,1,route_3,37.89368378300366,Cloudy,Morning,3,2025-04-01 06:32:00
bus_4,4.619155058885537,-74.73878930961133,33,route_3,57.98955102024251,Sunny,Afternoon,1,2025-04-01 06:33:00
bus_3,4.700425540971194,-74.63347451520931,7,route_1,12.434742419996489,Cloudy,Morning,2,2025-04-01 06:34:00
bus_4,4.561495288624746,-74.5800786111911,12,route_2,14.900384239037052,Cloudy,Evening,1,2025-04-01 06:35:00
bus_4,4.587944319078304,-74.61520436492195,7,route_1,12.20329307851907,Rainy,Evening,1,2025-04-01 06:36:00
bus_2,4.768900745556336,-74.74359257961537,29,route_1,19.263842516677002,Cloudy,Morning,2,2025-04-01 06:37:00
bus_4,4.503900577053221,-74.69338462939427,31,route_1,37.063505547083906,Rainy,Evening,2,2025-04-01 06:38:00
bus_1,4.525652559256341,-74.56486246465438,35,route_1,42.2786090713714,Sunny,Afternoon,1,2025-04-01 06:39:00
bus_4,4.562365876543808,-74.6337320457604,29,route_1,12.279257897433439,Cloudy,Morning,3,2025-04-01 06:40:00
bus_4,4.507959661162146,-74.79843111593712,0,route_2,57.298544492279966,Cloudy,Morning,1,2025-04-01 06:41:00
bus_3,4.554430630526939,-74.57170277199157,38,route_3,52.10826883251905,Sunny,Afternoon,3,2025-04-01 06:42:00
bus_1,4.674912468290907,-74.78940659351792,16,route_1,24.830624107854657,Sunny,Evening,1,2025-04-01 06:43:00
bus_4,4.626427365177749,-74.57627986518062,19,route_1,13.859376511323397,Cloudy,Afternoon,2,2025-04-01 06:44:00
bus_4,4.767801513323092,-74.73925583195043,23,route_2,18.494353660952864,Sunny,Afternoon,3,2025-04-01 06:45:00
bus_2,4.745233068521532,-74.51257795596419,21,route_2,16.34722068774863,Rainy,Evening,2,2025-04-01 06:46:00
bus_4,4.6025452055093625,-74.68961777460937,28,route_3,16.164188964947343,Sunny,Afternoon,2,2025-04-01 06:47:00
bus_4,4.577827030029388,-74.70192051509858,21,route_2,35.9280844332867,Sunny,Evening,2,2025-04-01 06:48:00
bus_2,4.61390772245018,-74.75533358490027,8,route_3,22.292372124670017,Cloudy,Evening,2,2025-04-01 06:49:00
bus_3,4.677088482754442,-74.70831873535293,36,route_1,27.906985826457223,Rainy,Afternoon,2,2025-04-01 06:50:00
bus_4,4.580419092246863,-74.53700477145154,9,route_1,59.475266669216126,Sunny,Evening,1,2025-04-01 06:51:00
bus_2,4.6872446723547405,-74.50109969871183,35,route_3,44.21571244626724,Rainy,Afternoon,3,2025-04-01 06:52:00
bus_1,4.622823495657372,-74.68950714084794,36,route_2,57.44903335235007,Rainy,Evening,1,2025-04-01 06:53:00
bus_3,4.665614154255594,-74.66541681071364,27,route_3,17.12782775165578,Rainy,Morning,1,2025-04-01 06:54:00
bus_1,4.630837958740595,-74.58337871853918,27,route_2,29.106973741628465,Cloudy,Evening,1,2025-04-01 06:55:00
bus_1,4.588339727862575,-74.53414126586048,20,route_1,37.736590164117715,Sunny,Evening,2,2025-04-01 06:56:00
bus_2,4.784535992088647,-74.62208669974396,23,route_2,13.8379030944369,Cloudy,Afternoon,1,2025-04-01 06:57:00
bus_4,4.729081738247928,-74.68254229054665,39,route_3,10.209372181397892,Sunny,Evening,3,2025-04-01 06:58:00
bus_2,4.542033952729936,-74.67621344774541,1,route_3,43.521716689845874,Sunny,Morning,1,2025-04-01 06:59:00
bus_2,4.760540392769373,-74.59131455605096,7,route_1,42.09097584007176,Cloudy,Morning,2,2025-04-01 07:00:00
bus_2,4.646229359474854,-74.79903452091871,26,route_2,30.53944049998059,Rainy,Evening,3,2025-04-01 07:01:00
bus_2,4.768365668068228,-74.61412319876204,21,route_2,34.48220380160163,Rainy,Evening,3,2025-04-01 07:02:00
bus_3,4.739956576784194,-74.69335209686759,36,route_2,30.77215002960448,Sunny,Morning,3,2025-04-01 07:03:00
bus_4,4.62756405134077,-74.56174080061687,26,route_1,11.200252242244442,Cloudy,Afternoon,3,2025-04-01 07:04:00
bus_1,4.506740792496036,-74.77210280805306,28,route_2,26.768580310873123,Rainy,Morning,1,2025-04-01 07:05:00
bus_1,4.580603207815484,-74.62353931991548,2,route_3,18.854112769864493,Rainy,Morning,2,2025-04-01 07:06:00
bus_4,4.66249026439826,-74.65570813303417,12,route_2,14.921209455068437,Sunny,Evening,3,2025-04-01 07:07:00
bus_1,4.690043465947844,-74.60730234222844,9,route_1,57.83602169446749,Sunny,Evening,3,2025-04-01 07:08:00
bus_4,4.577366305629961,-74.78054392165511,35,route_2,39.96798625210828,Cloudy,Morning,2,2025-04-01 07:09:00
bus_1,4.541806822221847,-74.62600486377156,8,route_2,46.432814211830134,Sunny,Afternoon,1,2025-04-01 07:10:00
bus_2,4.7504790710397895,-74.63155462361215,26,route_3,25.768187163305875,Rainy,Morning,3,2025-04-01 07:11:00
bus_1,4.795320654211065,-74.63180197167515,33,route_2,29.65735647470076,Rainy,Morning,1,2025-04-01 07:12:00
bus_4,4.657707054690806,-74.61895370002107,0,route_3,21.846199694836173,Rainy,Afternoon,1,2025-04-01 07:13:00
bus_4,4.551503785754491,-74.59705961883209,31,route_3,14.848283548271237,Rainy,Morning,1,2025-04-01 07:14:00
bus_4,4.58169219795581,-74.55850330009577,24,route_1,18.95158187207919,Cloudy,Morning,1,2025-04-01 07:15:00
bus_4,4.50551720296424,-74.71905378396153,28,route_3,49.87570226482429,Cloudy,Evening,3,2025-04-01 07:16:00
bus_4,4.774289641968149,-74.55248517694598,6,route_3,43.87729025918879,Sunny,Afternoon,3,2025-04-01 07:17:00
bus_3,4.535325324867042,-74.65052329532097,2,route_1,37.34644379927384,Sunny,Evening,1,2025-04-01 07:18:00
bus_3,4.672954942654276,-74.7768825162597,19,route_3,33.75449364333841,Sunny,Evening,1,2025-04-01 07:19:00
bus_1,4.582216566206162,-74.7824347212268,19,route_1,56.12171418280622,Cloudy,Afternoon,2,2025-04-01 07:20:00
bus_4,4.666253400754738,-74.69972850439117,29,route_2,13.63674738893342,Rainy,Afternoon,2,2025-04-01 07:21:00
bus_1,4.695426116505559,-74.56453090686657,34,route_1,24.030040661895796,Sunny,Morning,2,2025-04-01 07:22:00
bus_4,4.748922541112161,-74.58769571957772,34,route_3,27.4968926785357,Rainy,Evening,3,2025-04-01 07:23:00
bus_4,4.561926381528181,-74.56341551059828,38,route_1,49.12129061063939,Sunny,Afternoon,2,2025-04-01 07:24:00
bus_3,4.503298748597544,-74.64481928306752,26,route_3,59.62573100809857,Sunny,Evening,3,2025-04-01 07:25:00
bus_3,4.541065689020642,-74.66794030061335,25,route_2,22.03352573785765,Sunny,Evening,3,2025-04-01 07:26:00
bus_2,4.770005592554432,-74.75576424198812,13,route_1,53.71536670685403,Sunny,Afternoon,3,2025-04-01 07:27:00
bus_3,4.762167023268755,-74.7015421739172,16,route_2,51.53113802158956,Sunny,Morning,3,2025-04-01 07:28:00
bus_2,4.6792239306510925,-74.66979419014784,17,route_3,21.23286988208833,Rainy,Evening,2,2025-04-01 07:29:00
bus_2,4.6801550581300955,-74.77341987109611,28,route_3,29.966629009961128,Sunny,Afternoon,1,2025-04-01 07:30:00
bus_2,4.699511002363876,-74.73381641418663,19,route_2,30.483643464625956,Rainy,Morning,1,2025-04-01 07:31:00
bus_2,4.552611383587035,-74.62053241178087,26,route_1,58.91103342632792,Cloudy,Evening,1,2025-04-01 07:32:00
bus_2,4.774323583777488,-74.57930106572825,17,route_1,19.044595068944915,Sunny,Afternoon,2,2025-04-01 07:33:00
bus_1,4.625631157467621,-74.50049574658212,3,route_3,49.957898555239105,Rainy,Evening,1,2025-04-01 07:34:00
bus_3,4.614941558474849,-74.52006600059693,0,route_2,26.709635708655497,Cloudy,Afternoon,2,2025-04-01 07:35:00
bus_2,4.655675311584851,-74.60723044013945,0,route_2,46.54351728880802,Cloudy,Afternoon,2,2025-04-01 07:36:00
bus_4,4.514089790032516,-74.67362558401177,25,route_1,31.000550214783143,Cloudy,Evening,2,2025-04-01 07:37:00
bus_3,4.549885010626824,-74.60914679058753,19,route_1,38.917988155827004,Rainy,Evening,1,2025-04-01 07:38:00
bus_3,4.721410084927911,-74.56430451457592,22,route_1,51.63058866630656,Sunny,Afternoon,1,2025-04-01 07:39:00
bus_2,4.524839600377538,-74.76449914272298,9,route_2,50.20827824919421,Sunny,Morning,1,2025-04-01 07:40:00
bus_1,4.680945632839916,-74.67702853309112,10,route_1,53.321159176985006,Rainy,Evening,3,2025-04-01 07:41:00
bus_2,4.573604732904396,-74.54805931430931,4,route_1,12.980866267232951,Sunny,Afternoon,2,2025-04-01 07:42:00
bus_1,4.616788684212593,-74.68485011442009,0,route_3,44.602527651987245,Rainy,Afternoon,3,2025-04-01 07:43:00
bus_4,4.58660812103121,-74.62843831863184,16,route_1,16.999368836088145,Sunny,Morning,2,2025-04-01 07:44:00
bus_3,4.606701814939485,-74.62366919174134,21,route_1,30.79092840092055,Cloudy,Morning,1,2025-04-01 07:45:00
bus_4,4.715713771555274,-74.74465712405991,33,route_2,37.42942075273442,Sunny,Morning,2,2025-04-01 07:46:00
bus_1,4.5891365146869525,-74.69132936750431,28,route_2,30.136974237341537,Rainy,Evening,2,2025-04-01 07:47:00
bus_1,4.669921392089069,-74.69964661337742,3,route_3,35.980583790150376,Rainy,Afternoon,3,2025-04-01 07:48:00
bus_4,4.64281512065973,-74.79214098744038,4,route_1,59.82631543993096,Cloudy,Afternoon,2,2025-04-01 07:49:00
bus_1,4.699101349608794,-74.7927424708326,10,route_3,16.760865685642734,Rainy,Afternoon,1,2025-04-01 07:50:00
bus_4,4.781048921797427,-74.55049088689726,20,route_2,43.77280226682128,Sunny,Morning,2,2025-04-01 07:51:00
bus_3,4.719771629163075,-74.71807875700816,34,route_3,29.800048319280762,Sunny,Afternoon,2,2025-04-01 07:52:00
bus_4,4.564482113577227,-74.64457637012835,11,route_2,16.650489945366438,Cloudy,Evening,2,2025-04-01 07:53:00
bus_3,4.509354940518385,-74.71038232792337,25,route_3,17.936838168715475,Rainy,Morning,3,2025-04-01 07:54:00
bus_4,4.578679213289948,-74.51779622646539,18,route_3,57.46365531228084,Cloudy,Morning,2,2025-04-01 07:55:00
bus_1,4.678523379210076,-74.72221097234026,6,route_1,53.9800748355881,Sunny,Morning,2,2025-04-01 07:56:00
bus_4,4.515427744045275,-74.67110295617832,6,route_3,55.35209802075109,Cloudy,Morning,3,2025-04-01 07:57:00
bus_1,4.6489098741603705,-74.53818092485461,25,route_1,59.57663879136933,Rainy,Evening,3,2025-04-01 07:58:00
bus_4,4.679052854675066,-74.54741992996246,39,route_1,20.415769500425895,Cloudy,Afternoon,3,2025-04-01 07:59:00
bus_4,4.6002731672450885,-74.74416957464611,4,route_1,27.771966868203087,Rainy,Evening,3,2025-04-01 08:00:00
bus_2,4.731273661123747,-74.55920700706129,20,route_1,43.46095149624333,Rainy,Afternoon,1,2025-04-01 08:01:00
bus_1,4.5319794759401315,-74.66254393397863,13,route_3,34.190126993032365,Sunny,Evening,1,2025-04-01 08:02:00
bus_2,4.522541334520743,-74.65510933837439,3,route_2,30.919476668916676,Sunny,Morning,2,2025-04-01 08:03:00
bus_1,4.718456626861081,-74.75995600827521,22,route_2,27.890562466779652,Sunny,Morning,1,2025-04-01 08:04:00
bus_2,4.648647394861859,-74.77581954587286,19,route_2,39.689031597172615,Rainy,Evening,2,2025-04-01 08:05:00
bus_3,4.706520718928321,-74.58161820790787,14,route_3,38.7796714320041,Cloudy,Evening,1,2025-04-01 08:06:00
bus_4,4.630448201581124,-74.65106165429341,28,route_1,18.072891703212004,Rainy,Afternoon,3,2025-04-01 08:07:00
bus_1,4.573920609971732,-74.66894478921544,7,route_2,33.58699187592195,Sunny,Evening,3,2025-04-01 08:08:00
bus_1,4.74573069530226,-74.58114753140428,18,route_3,37.67358881049249,Sunny,Evening,1,2025-04-01 08:09:00
bus_4,4.739824763690693,-74.57034613030267,38,route_1,38.514346936569524,Cloudy,Afternoon,1,2025-04-01 08:10:00
bus_1,4.708408941256328,-74.75232754969919,27,route_2,20.505359645617588,Sunny,Afternoon,2,2025-04-01 08:11:00
bus_1,4.581643541168988,-74.6169324551567,26,route_1,47.11356961261434,Sunny,Afternoon,2,2025-04-01 08:12:00
bus_2,4.677069200060726,-74.7593937753167,3,route_2,11.259954741053482,Sunny,Evening,2,2025-04-01 08:13:00
bus_1,4.608292169082008,-74.57458747419129,14,route_2,27.741592777158132,Cloudy,Afternoon,3,2025-04-01 08:14:00
bus_3,4.527474621997991,-74.60291345311985,34,route_2,49.010632426781676,Rainy,Morning,3,2025-04-01 08:15:00
bus_3,4.775194072638673,-74.51301561367497,36,route_1,38.19464605277012,Sunny,Morning,3,2025-04-01 08:16:00
bus_4,4.541045589275688,-74.77931259509307,0,route_3,23.058121625543013,Cloudy,Morning,3,2025-04-01 08:17:00
bus_1,4.785071206146241,-74.78288358365462,2,route_1,44.74765596715238,Sunny,Evening,2,2025-04-01 08:18:00
bus_4,4.633801731887386,-74.71534387759203,23,route_2,38.36954720780367,Cloudy,Morning,3,2025-04-01 08:19:00
bus_3,4.555539878651586,-74.72148829487922,26,route_1,49.81218047281936,Sunny,Evening,3,2025-04-01 08:20:00
bus_1,4.6625702842135075,-74.7259063602784,39,route_3,46.75125930949117,Cloudy,Evening,3,2025-04-01 08:21:00
bus_1,4.761883750762922,-74.52812362584369,35,route_1,40.50539610181173,Sunny,Morning,3,2025-04-01 08:22:00
bus_4,4.719667465922869,-74.72513614004515,33,route_3,34.4088837655407,Rainy,Afternoon,1,2025-04-01 08:23:00
bus_3,4.741968344358435,-74.71841508216141,28,route_3,16.65910628337617,Sunny,Evening,2,2025-04-01 08:24:00
bus_1,4.697635010013215,-74.5721805212746,23,route_1,23.066650894269188,Cloudy,Morning,2,2025-04-01 08:25:00
bus_4,4.707682969355355,-74.66507804726484,23,route_2,30.954973645854263,Sunny,Evening,3,2025-04-01 08:26:00
bus_3,4.7547586954695955,-74.56698683291344,3,route_3,39.964964350319434,Rainy,Afternoon,1,2025-04-01 08:27:00
bus_4,4.5749004026577555,-74.78039015273067,2,route_1,35.68539276076524,Sunny,Afternoon,2,2025-04-01 08:28:00
bus_2,4.646827489092942,-74.65372864189798,33,route_3,24.409226297976474,Cloudy,Morning,2,2025-04-01 08:29:00
bus_1,4.566362832545881,-74.78991591994502,22,route_2,10.323217889485527,Cloudy,Evening,3,2025-04-01 08:30:00
bus_2,4.796300402398994,-74.7812040389634,22,route_1,34.8119610950407,Rainy,Evening,3,2025-04-01 08:31:00
bus_3,4.783217801905984,-74.52806876399667,4,route_1,24.281299428112156,Cloudy,Evening,2,2025-04-01 08:32:00
bus_2,4.511828043410552,-74.75822638866472,30,route_1,46.730415035526754,Sunny,Evening,2,2025-04-01 08:33:00
bus_2,4.711672551754706,-74.64027379531743,5,route_2,11.197313263524174,Sunny,Morning,1,2025-04-01 08:34:00
bus_3,4.7775744952247,-74.67667131921979,36,route_3,39.24139056528954,Sunny,Afternoon,2,2025-04-01 08:35:00
bus_4,4.5541726035382,-74.69579700212235,9,route_1,57.07371187530327,Cloudy,Morning,2,2025-04-01 08:36:00
bus_2,4.6703835691657885,-74.53004999629381,39,route_3,18.720463355574978,Sunny,Evening,3,2025-04-01 08:37:00
bus_4,4.774646489276412,-74.79345298096734,6,route_3,33.58247453752977,Sunny,Evening,2,2025-04-01 08:38:00
bus_2,4.51018379357574,-74.60086309414733,38,route_2,14.571099590856909,Sunny,Afternoon,3,2025-04-01 08:39:00
bus_4,4.7092260801740515,-74.51098166973594,37,route_1,41.284095613067635,Rainy,Evening,2,2025-04-01 08:40:00
bus_3,4.589204702211765,-74.63194954496144,20,route_3,37.526584029811275,Cloudy,Morning,2,2025-04-01 08:41:00
bus_2,4.777318858612959,-74.51895326139007,19,route_1,30.368276210641618,Cloudy,Morning,2,2025-04-01 08:42:00
bus_3,4.7913174735496105,-74.78432263621418,2,route_1,36.06885107368706,Cloudy,Afternoon,1,2025-04-01 08:43:00
bus_2,4.78327994673403,-74.67436200427775,21,route_2,54.82873292345051,Rainy,Morning,3,2025-04-01 08:44:00
bus_3,4.642264264997239,-74.72195266271139,3,route_1,19.81471511555335,Cloudy,Morning,1,2025-04-01 08:45:00
bus_3,4.758612795296794,-74.58075371050577,27,route_1,11.128225585267362,Rainy,Morning,2,2025-04-01 08:46:00
bus_2,4.753364819560521,-74.50561087285082,11,route_3,53.083244234955046,Rainy,Morning,1,2025-04-01 08:47:00
bus_2,4.595730141972977,-74.72304098126672,37,route_2,38.855854119395325,Cloudy,Evening,3,2025-04-01 08:48:00
bus_2,4.748674642245203,-74.60374761955778,35,route_1,54.53292277309212,Sunny,Morning,2,2025-04-01 08:49:00
bus_1,4.511102290414648,-74.74057071017208,4,route_3,39.847261170658626,Sunny,Afternoon,1,2025-04-01 08:50:00
bus_4,4.678880963544616,-74.63040092362851,12,route_2,50.50805449798512,Cloudy,Afternoon,1,2025-04-01 08:51:00
bus_1,4.56900265118631,-74.66082025399349,22,route_2,31.483668167757397,Cloudy,Morning,3,2025-04-01 08:52:00
bus_1,4.536170065733184,-74.50839840111054,29,route_3,47.49299656441344,Rainy,Afternoon,1,2025-04-01 08:53:00
bus_3,4.523085960488762,-74.61744181819105,36,route_3,55.6520733444928,Cloudy,Morning,3,2025-04-01 08:54:00
bus_2,4.708886632763442,-74.69514808837395,24,route_3,38.60614818611032,Rainy,Afternoon,2,2025-04-01 08:55:00
bus_4,4.60196248913042,-74.76577126453361,26,route_3,19.039257528118977,Cloudy,Afternoon,2,2025-04-01 08:56:00
bus_3,4.717430031458628,-74.75462595137952,13,route_3,23.43988075150991,Sunny,Morning,1,2025-04-01 08:57:00
bus_1,4.5196069022396825,-74.73240492101463,35,route_1,19.932228844870288,Sunny,Morning,2,2025-04-01 08:58:00
bus_2,4.594587101349183,-74.72471000159791,38,route_1,22.342851379786644,Cloudy,Evening,2,2025-04-01 08:59:00
bus_3,4.661847387712601,-74.54481518264765,15,route_2,25.32077246755182,Rainy,Morning,1,2025-04-01 09:00:00
bus_2,4.737216949451689,-74.63163316351525,21,route_1,37.756689337659424,Sunny,Morning,2,2025-04-01 09:01:00
bus_3,4.595625750879621,-74.64298272658769,20,route_1,39.39958147319164,Rainy,Evening,1,2025-04-01 09:02:00
bus_2,4.687767412931103,-74.76556933843924,20,route_1,31.324987362093058,Cloudy,Morning,3,2025-04-01 09:03:00
bus_1,4.765793324470856,-74.54195809199517,7,route_3,40.77103899104177,Cloudy,Morning,3,2025-04-01 09:04:00
bus_4,4.684758956454691,-74.58315570903746,15,route_2,14.078746280568296,Sunny,Evening,3,2025-04-01 09:05:00
bus_1,4.56988784242609,-74.77969949143,30,route_2,14.389411852907998,Cloudy,Morning,1,2025-04-01 09:06:00
bus_4,4.507320234466961,-74.58764947083107,9,route_2,18.591473017882922,Sunny,Morning,1,2025-04-01 09:07:00
bus_2,4.761029662170278,-74.63693853479721,31,route_2,35.903874902017236,Rainy,Evening,2,2025-04-01 09:08:00
bus_3,4.506380823255117,-74.77548239627596,33,route_1,20.699733934915677,Sunny,Evening,2,2025-04-01 09:09:00
bus_1,4.76241050180526,-74.6625098075414,8,route_1,24.164220174628866,Sunny,Afternoon,2,2025-04-01 09:10:00
bus_4,4.658681140208164,-74.65459111386099,16,route_3,30.015641808649704,Rainy,Morning,2,2025-04-01 09:11:00
bus_1,4.781720309553869,-74.75026763795101,10,route_2,50.59330620051899,Sunny,Afternoon,2,2025-04-01 09:12:00
bus_4,4.7396349707321,-74.51629055589991,31,route_1,10.693106795643006,Sunny,Afternoon,1,2025-04-01 09:13:00
bus_1,4.799380233160001,-74.5450073885558,9,route_1,42.46894101183112,Cloudy,Evening,1,2025-04-01 09:14:00
bus_4,4.605213544635513,-74.59929329880127,21,route_3,43.44382655203427,Rainy,Morning,3,2025-04-01 09:15:00
bus_4,4.730156486679338,-74.66131133169982,16,route_3,49.93278901783183,Sunny,Morning,3,2025-04-01 09:16:00
bus_2,4.620579274082773,-74.67647033752465,3,route_3,56.63764695301566,Rainy,Evening,3,2025-04-01 09:17:00
bus_4,4.6439626860911725,-74.60470795985471,24,route_1,11.006892447464491,Rainy,Afternoon,3,2025-04-01 09:18:00
bus_2,4.688251638965511,-74.63637043917792,20,route_1,17.689185275660808,Sunny,Evening,1,2025-04-01 09:19:00
bus_4,4.762103134255901,-74.78131806823544,36,route_3,54.30856470279965,Cloudy,Morning,1,2025-04-01 09:20:00
bus_3,4.795225040759789,-74.6462492053689,37,route_2,32.925928109350764,Rainy,Evening,1,2025-04-01 09:21:00
bus_3,4.730482024159356,-74.55807891483015,0,route_3,38.22953194667318,Sunny,Morning,2,2025-04-01 09:22:00
bus_3,4.6253300346502,-74.6622280367209,24,route_3,43.15136018615737,Rainy,Afternoon,2,2025-04-01 09:23:00
bus_4,4.626407100683121,-74.78441302673372,35,route_3,43.95333022478187,Cloudy,Morning,3,2025-04-01 09:24:00
bus_2,4.721274690476667,-74.56411654018478,16,route_3,56.58702016582541,Cloudy,Afternoon,2,2025-04-01 09:25:00
bus_2,4.571633143730491,-74.7395908653592,23,route_1,59.847470870583486,Cloudy,Afternoon,1,2025-04-01 09:26:00
bus_4,4.533142233939419,-74.72241374953359,1,route_2,46.00787304654701,Sunny,Morning,3,2025-04-01 09:27:00
bus_3,4.606386647292233,-74.75058809397031,39,route_3,24.36106046025754,Sunny,Morning,3,2025-04-01 09:28:00
bus_3,4.5861716974962246,-74.70093548053855,14,route_2,53.98762011471718,Cloudy,Afternoon,2,2025-04-01 09:29:00
bus_2,4.588892436136797,-74.5729745482934,31,route_2,12.46104572703808,Sunny,Evening,3,2025-04-01 09:30:00
bus_3,4.5700823253149725,-74.64418424214881,38,route_2,21.55404264372481,Cloudy,Morning,2,2025-04-01 09:31:00
bus_1,4.512627956890909,-74.73853561775478,5,route_3,54.869285873185746,Sunny,Afternoon,2,2025-04-01 09:32:00
bus_2,4.505362180420025,-74.53665097655438,0,route_1,22.809575721967747,Cloudy,Afternoon,3,2025-04-01 09:33:00
bus_3,4.796316716920809,-74.53612544351454,22,route_3,21.032552981087424,Rainy,Evening,2,2025-04-01 09:34:00
bus_2,4.628331940120758,-74.53882647248619,38,route_2,16.90626465701236,Cloudy,Morning,2,2025-04-01 09:35:00
bus_1,4.615297994147904,-74.72836113658553,16,route_2,52.955587882345824,Cloudy,Afternoon,2,2025-04-01 09:36:00
bus_2,4.703894184807921,-74.6646281967457,33,route_1,35.00291295955434,Sunny,Evening,2,2025-04-01 09:37:00
bus_2,4.565476166359519,-74.50450310315773,28,route_3,43.74466015270774,Sunny,Afternoon,3,2025-04-01 09:38:00
bus_2,4.784988355185067,-74.568396257107,8,route_2,21.953319203751484,Sunny,Morning,1,2025-04-01 09:39:00
bus_2,4.735903504324665,-74.79184977363234,12,route_1,47.902021050560826,Sunny,Evening,1,2025-04-01 09:40:00
bus_1,4.526823300693678,-74.78043862262184,5,route_2,48.00027724810492,Sunny,Afternoon,2,2025-04-01 09:41:00
bus_4,4.625274232735478,-74.6608205869563,5,route_1,25.629901245415006,Sunny,Evening,2,2025-04-01 09:42:00
bus_2,4.7637354922686495,-74.52723393824154,19,route_1,30.53413165051414,Rainy,Morning,2,2025-04-01 09:43:00
bus_2,4.783419606687423,-74.63838946061418,2,route_3,20.484513871510043,Cloudy,Evening,1,2025-04-01 09:44:00
bus_3,4.640220453374961,-74.65065624758971,16,route_2,58.828051166145215,Cloudy,Morning,2,2025-04-01 09:45:00
bus_2,4.684023416763212,-74.76835789001301,11,route_3,42.28012885292058,Cloudy,Afternoon,3,2025-04-01 09:46:00
bus_3,4.550110183827623,-74.60296596858271,0,route_2,56.727194035775774,Rainy,Morning,3,2025-04-01 09:47:00
bus_4,4.797350587841093,-74.55336905181993,16,route_3,25.169277181456657,Cloudy,Afternoon,3,2025-04-01 09:48:00
bus_1,4.569501510415033,-74.68587399774773,2,route_2,49.094545649844484,Rainy,Afternoon,1,2025-04-01 09:49:00
bus_1,4.782819532240538,-74.56731644472241,25,route_3,48.2929321942371,Rainy,Morning,2,2025-04-01 09:50:00
bus_4,4.69489399469771,-74.51065700382976,14,route_1,44.582782593327074,Rainy,Afternoon,2,2025-04-01 09:51:00
bus_1,4.682321038463658,-74.7388700622617,35,route_2,58.28194876334002,Cloudy,Evening,2,2025-04-01 09:52:00
bus_4,4.653806553304952,-74.64300111064158,31,route_2,29.677766805315777,Rainy,Afternoon,1,2025-04-01 09:53:00
bus_4,4.569200943515328,-74.71385861257463,31,route_1,16.535866179487865,Cloudy,Morning,1,2025-04-01 09:54:00
bus_4,4.552958409601652,-74.56214367428984,3,route_3,43.58544296220304,Cloudy,Evening,1,2025-04-01 09:55:00
bus_1,4.5661458627210525,-74.62672199023565,17,route_2,46.46549002386031,Sunny,Evening,1,2025-04-01 09:56:00
bus_3,4.555931478643276,-74.60962527473491,18,route_2,38.75302867294073,Sunny,Afternoon,3,2025-04-01 09:57:00
bus_4,4.733875342070026,-74.56062575211523,34,route_3,20.340894656669814,Rainy,Afternoon,1,2025-04-01 09:58:00
bus_2,4.605037577750019,-74.68120885820126,39,route_1,35.22279708346777,Rainy,Morning,1,2025-04-01 09:59:00
bus_1,4.517352802969019,-74.52547297947788,13,route_3,25.60948682845647,Cloudy,Evening,1,2025-04-01 10:00:00
bus_4,4.790730789042243,-74.64009133982616,32,route_3,31.373326408334453,Rainy,Morning,2,2025-04-01 10:01:00
bus_4,4.765135765489028,-74.75261355314939,13,route_3,42.260928792233194,Rainy,Afternoon,2,2025-04-01 10:02:00
bus_2,4.778325684958563,-74.59123026454935,33,route_2,47.26073713454173,Cloudy,Evening,2,2025-04-01 10:03:00
bus_3,4.798472346793931,-74.56202159486853,3,route_1,21.611234545067155,Rainy,Morning,3,2025-04-01 10:04:00
bus_3,4.5521685747658465,-74.70497149687974,23,route_1,30.266268032347668,Rainy,Morning,3,2025-04-01 10:05:00
bus_3,4.618872605670798,-74.54284622290038,28,route_3,23.458078549581458,Cloudy,Morning,1,2025-04-01 10:06:00
bus_4,4.7274715427112275,-74.52815702357027,18,route_2,19.931580693093455,Cloudy,Morning,2,2025-04-01 10:07:00
bus_4,4.708806185416138,-74.71692865378665,5,route_3,49.16936099979192,Sunny,Morning,3,2025-04-01 10:08:00
bus_4,4.546168771901956,-74.50494355818543,32,route_2,55.46263472184962,Cloudy,Evening,2,2025-04-01 10:09:00
bus_1,4.744749937497185,-74.75778654158538,39,route_2,28.511609284228836,Sunny,Morning,3,2025-04-01 10:10:00
bus_2,4.567332171550998,-74.73939529947926,18,route_2,47.56394621868834,Rainy,Evening,3,2025-04-01 10:11:00
bus_4,4.567145284446787,-74.74473254822858,0,route_2,54.849764468220556,Cloudy,Morning,1,2025-04-01 10:12:00
bus_2,4.661092326868024,-74.53180308699764,4,route_1,52.30621052651158,Cloudy,Afternoon,1,2025-04-01 10:13:00
bus_2,4.6778819804525105,-74.6037122343025,26,route_2,19.140669426961296,Cloudy,Afternoon,3,2025-04-01 10:14:00
bus_3,4.6740258623513435,-74.75436871503332,15,route_2,57.81459407566807,Rainy,Morning,1,2025-04-01 10:15:00
bus_1,4.527446051219327,-74.6679029744895,5,route_3,28.833822021473125,Sunny,Afternoon,3,2025-04-01 10:16:00
bus_4,4.763238258789114,-74.61541059247905,39,route_3,26.962033058691816,Rainy,Evening,3,2025-04-01 10:17:00
bus_3,4.5796800127766115,-74.77496077450319,12,route_1,13.121566363889016,Rainy,Morning,2,2025-04-01 10:18:00
bus_3,4.5388544763848415,-74.53527508947779,34,route_3,34.30868270524415,Cloudy,Evening,1,2025-04-01 10:19:00
bus_4,4.766624423960693,-74.55891893936754,18,route_2,15.450680782046435,Sunny,Morning,1,2025-04-01 10:20:00
bus_2,4.786695449468926,-74.64843796792701,11,route_3,22.4269910463713,Rainy,Afternoon,1,2025-04-01 10:21:00
bus_3,4.758638285179635,-74.50986201542224,15,route_1,25.84713108836407,Cloudy,Evening,2,2025-04-01 10:22:00
bus_2,4.742854822417463,-74.67467170621747,9,route_3,50.4413161745842,Rainy,Afternoon,2,2025-04-01 10:23:00
bus_1,4.696572594191706,-74.50476690428906,24,route_3,53.77443251979483,Rainy,Afternoon,2,2025-04-01 10:24:00
bus_2,4.665257211182742,-74.59962400035892,19,route_1,25.123315873073484,Cloudy,Morning,1,2025-04-01 10:25:00
bus_1,4.526096027973423,-74.60959861802381,30,route_1,52.93490606222869,Cloudy,Evening,1,2025-04-01 10:26:00
bus_2,4.62253596392121,-74.75021353141126,3,route_2,52.861546868489555,Sunny,Afternoon,1,2025-04-01 10:27:00
bus_3,4.611806555103694,-74.5354216725086,22,route_3,48.232547519243674,Rainy,Morning,2,2025-04-01 10:28:00
bus_3,4.577926135128098,-74.67175309362382,1,route_2,17.334755700759075,Cloudy,Morning,2,2025-04-01 10:29:00
bus_1,4.717026034106575,-74.75132997826525,21,route_3,44.51614234503645,Cloudy,Morning,3,2025-04-01 10:30:00
bus_4,4.6487627205236315,-74.79621774400727,36,route_3,57.25120322902844,Sunny,Afternoon,2,2025-04-01 10:31:00
bus_1,4.524313864772294,-74.63207329490848,7,route_2,44.12702393835785,Sunny,Morning,3,2025-04-01 10:32:00
bus_1,4.566054960584943,-74.6417801133632,6,route_3,26.580842455391696,Cloudy,Evening,1,2025-04-01 10:33:00
bus_2,4.704977629097879,-74.58419391328925,13,route_3,35.028965871541565,Sunny,Evening,2,2025-04-01 10:34:00
bus_2,4.52283925784709,-74.53292258409466,2,route_3,42.28625216755268,Cloudy,Afternoon,1,2025-04-01 10:35:00
bus_1,4.755362074214631,-74.77617802460709,15,route_1,35.52852043642518,Rainy,Evening,1,2025-04-01 10:36:00
bus_3,4.6485439581041925,-74.58055105289789,18,route_2,15.99764708654849,Sunny,Morning,1,2025-04-01 10:37:00
bus_2,4.644175973197994,-74.74377641677073,17,route_1,25.60320223260103,Rainy,Afternoon,1,2025-04-01 10:38:00
bus_4,4.677722335397855,-74.54254688405285,15,route_2,50.119801527681624,Rainy,Morning,2,2025-04-01 10:39:00
bus_2,4.747404289777545,-74.5542809458415,7,route_2,53.07090230477587,Rainy,Afternoon,1,2025-04-01 10:40:00
bus_2,4.604342762370658,-74.63776187350433,32,route_3,16.865001635778512,Cloudy,Afternoon,3,2025-04-01 10:41:00
bus_4,4.703404845767719,-74.58692716041301,11,route_2,57.61933761993623,Rainy,Morning,2,2025-04-01 10:42:00
bus_1,4.6697195891987375,-74.70569496604487,10,route_1,26.441130892430465,Rainy,Evening,1,2025-04-01 10:43:00
bus_4,4.580108481050827,-74.65864963032016,4,route_1,43.115686936536,Rainy,Evening,2,2025-04-01 10:44:00
bus_1,4.763588995906547,-74.55350893068686,26,route_1,47.591257297834055,Cloudy,Afternoon,3,2025-04-01 10:45:00
bus_1,4.739227806482078,-74.66222044084803,11,route_2,50.59731173189417,Rainy,Morning,1,2025-04-01 10:46:00
bus_1,4.697535550397528,-74.69266052040237,16,route_1,57.287485111296505,Rainy,Morning,3,2025-04-01 10:47:00
bus_4,4.755174518728272,-74.65173626582491,5,route_2,25.64597740144113,Sunny,Afternoon,1,2025-04-01 10:48:00
bus_1,4.760188260287941,-74.55152522426883,32,route_1,52.92532272757772,Cloudy,Evening,3,2025-04-01 10:49:00
bus_3,4.71250889301451,-74.69943758578874,4,route_1,16.58434517181035,Rainy,Morning,1,2025-04-01 10:50:00
bus_4,4.751103998509102,-74.74787152205927,27,route_2,45.25204531767964,Sunny,Evening,2,2025-04-01 10:51:00
bus_3,4.709241438500785,-74.58639579390076,13,route_1,47.098886475699295,Cloudy,Evening,1,2025-04-01 10:52:00
bus_1,4.70404223152809,-74.55220653618757,4,route_3,43.88616206006602,Cloudy,Afternoon,2,2025-04-01 10:53:00
bus_2,4.685583413464555,-74.76980875644294,32,route_2,22.61573680675765,Cloudy,Afternoon,1,2025-04-01 10:54:00
bus_1,4.725814991867292,-74.72803776617322,18,route_2,53.65215735076017,Cloudy,Evening,1,2025-04-01 10:55:00
bus_3,4.547581531587922,-74.7574084030717,21,route_2,18.442923168519748,Cloudy,Morning,3,2025-04-01 10:56:00
bus_3,4.764261227759678,-74.69561757652535,4,route_3,12.681739576041542,Cloudy,Morning,3,2025-04-01 10:57:00
bus_4,4.761553058323569,-74.66489470632837,1,route_2,45.87324953059561,Rainy,Afternoon,3,2025-04-01 10:58:00
bus_2,4.508774184910368,-74.57535209891101,29,route_1,33.77378576163669,Rainy,Evening,1,2025-04-01 10:59:00
bus_4,4.747745025169428,-74.60465572453549,38,route_1,52.454900997933805,Rainy,Morning,1,2025-04-01 11:00:00
bus_3,4.538660960242034,-74.61372142975647,3,route_1,29.16985705291295,Rainy,Morning,1,2025-04-01 11:01:00
bus_1,4.600535656277742,-74.6942875160171,32,route_2,18.41392942538564,Sunny,Afternoon,2,2025-04-01 11:02:00
bus_2,4.723052476887482,-74.54756573407457,12,route_1,51.82210962349349,Rainy,Evening,2,2025-04-01 11:03:00
bus_1,4.548227968814492,-74.65861384978055,19,route_2,37.44548158200358,Cloudy,Morning,1,2025-04-01 11:04:00
bus_1,4.7453901072357185,-74.50626851859545,6,route_1,19.459789619517743,Rainy,Afternoon,3,2025-04-01 11:05:00
bus_2,4.749640253387322,-74.60975735851127,14,route_3,46.01919992932229,Rainy,Morning,3,2025-04-01 11:06:00
bus_4,4.652240320128251,-74.76212057753065,22,route_3,35.555681924475024,Cloudy,Morning,3,2025-04-01 11:07:00
bus_1,4.5019157615150505,-74.59714673137736,13,route_3,40.215649112015996,Rainy,Morning,1,2025-04-01 11:08:00
bus_3,4.586111439952473,-74.70246879537049,22,route_3,33.04491691032909,Rainy,Afternoon,3,2025-04-01 11:09:00
bus_1,4.685078075512722,-74.59410184099417,18,route_2,51.43544919090032,Rainy,Evening,1,2025-04-01 11:10:00
bus_2,4.794355853408227,-74.77910765555127,28,route_1,51.47813578415249,Sunny,Afternoon,2,2025-04-01 11:11:00
bus_2,4.6895440581050005,-74.74753556884721,19,route_3,45.46944109121931,Rainy,Evening,3,2025-04-01 11:12:00
bus_2,4.577941074319248,-74.54327882232826,28,route_2,15.270068869823113,Cloudy,Morning,2,2025-04-01 11:13:00
bus_4,4.690201710929883,-74.73184613289294,23,route_3,51.942693095203445,Cloudy,Evening,3,2025-04-01 11:14:00
bus_1,4.6619956139147565,-74.54888766242712,17,route_3,43.55064902664549,Rainy,Morning,1,2025-04-01 11:15:00
bus_4,4.733953618545343,-74.71621717346368,9,route_2,44.85120830021498,Rainy,Morning,1,2025-04-01 11:16:00
bus_4,4.5320941916480875,-74.60713542698238,7,route_2,28.149142020193583,Rainy,Afternoon,1,2025-04-01 11:17:00
bus_2,4.728308370750608,-74.59175482794706,25,route_1,53.963977807850334,Cloudy,Morning,1,2025-04-01 11:18:00
bus_2,4.662379973602833,-74.64620357405649,28,route_1,46.26858001174288,Cloudy,Afternoon,3,2025-04-01 11:19:00
bus_4,4.788897601157698,-74.70840679699099,9,route_3,15.629523326459722,Sunny,Evening,2,2025-04-01 11:20:00
bus_1,4.602561649811606,-74.73620668708867,16,route_3,30.388901720308134,Sunny,Evening,1,2025-04-01 11:21:00
bus_3,4.6897865679401844,-74.79004319363126,1,route_1,54.319018098007085,Sunny,Morning,3,2025-04-01 11:22:00
bus_4,4.779608431653005,-74.70881607962778,5,route_1,12.35983508486895,Cloudy,Afternoon,2,2025-04-01 11:23:00
bus_1,4.530752918397204,-74.60405116284062,4,route_2,58.07083098210248,Sunny,Morning,1,2025-04-01 11:24:00
bus_2,4.781168546170935,-74.51850855446546,27,route_1,43.95812841597814,Rainy,Afternoon,2,2025-04-01 11:25:00
bus_2,4.706365716690244,-74.53863865532108,4,route_1,41.568798882168835,Rainy,Afternoon,1,2025-04-01 11:26:00
bus_1,4.520351117731551,-74.57018056703942,17,route_3,23.52796282439957,Cloudy,Afternoon,2,2025-04-01 11:27:00
bus_3,4.590289070084045,-74.56346579702401,25,route_1,22.439589436958855,Sunny,Evening,2,2025-04-01 11:28:00
bus_2,4.712451626593585,-74.6005045289572,19,route_3,57.102910974429776,Rainy,Afternoon,1,2025-04-01 11:29:00
bus_2,4.520205180440631,-74.7219139427302,26,route_1,24.91362271170614,Cloudy,Evening,3,2025-04-01 11:30:00
bus_2,4.674651138052882,-74.52784149078825,11,route_2,48.77526483594997,Sunny,Afternoon,2,2025-04-01 11:31:00
bus_1,4.603764917085887,-74.59878030642825,6,route_1,29.65608991035396,Rainy,Evening,1,2025-04-01 11:32:00
bus_4,4.686274655330243,-74.63186781070587,2,route_1,16.9627035392352,Sunny,Evening,2,2025-04-01 11:33:00
bus_2,4.513722610143754,-74.76670315923596,9,route_1,10.535764884767948,Cloudy,Evening,2,2025-04-01 11:34:00
bus_4,4.761461041845712,-74.66588333685807,33,route_3,37.21286685076254,Sunny,Morning,3,2025-04-01 11:35:00
bus_3,4.792046690753219,-74.66189251863942,24,route_2,58.78894092744663,Cloudy,Afternoon,2,2025-04-01 11:36:00
bus_2,4.790663356585707,-74.5406309171432,34,route_1,28.456809690460226,Sunny,Morning,2,2025-04-01 11:37:00
bus_2,4.724895549522877,-74.63600553394366,15,route_3,27.859616699652243,Rainy,Afternoon,1,2025-04-01 11:38:00
bus_3,4.53902587203919,-74.68587983530888,1,route_2,27.204580892472105,Cloudy,Afternoon,1,2025-04-01 11:39:00
bus_2,4.727478958778707,-74.5069599014468,23,route_3,36.027191865242926,Cloudy,Morning,3,2025-04-01 11:40:00
bus_4,4.507376074937641,-74.7667838220021,9,route_3,32.033244171214676,Cloudy,Evening,2,2025-04-01 11:41:00
bus_1,4.506637065458699,-74.67323547150642,37,route_2,53.99573133635072,Sunny,Afternoon,2,2025-04-01 11:42:00
bus_4,4.5970830657448625,-74.78739259744857,21,route_1,35.27603958617452,Sunny,Evening,2,2025-04-01 11:43:00
bus_1,4.6465929571214,-74.57802876376992,25,route_3,35.38789190942844,Rainy,Morning,3,2025-04-01 11:44:00
bus_1,4.731122225342338,-74.52457703434025,38,route_3,16.91857973602783,Cloudy,Evening,2,2025-04-01 11:45:00
bus_4,4.704988612981952,-74.71598880113486,26,route_1,59.136977045519295,Cloudy,Afternoon,1,2025-04-01 11:46:00
bus_4,4.633770811913024,-74.54249749696027,28,route_1,22.498644543441486,Sunny,Afternoon,3,2025-04-01 11:47:00
bus_4,4.5820879998845,-74.71233453086143,37,route_2,13.668203372980134,Sunny,Afternoon,1,2025-04-01 11:48:00
bus_4,4.799137350047313,-74.52676895150682,19,route_2,43.15731244876044,Rainy,Morning,1,2025-04-01 11:49:00
bus_3,4.627854390670792,-74.57381142892096,26,route_2,39.76831850784363,Rainy,Afternoon,3,2025-04-01 11:50:00
bus_2,4.635416107298902,-74.55852796694757,19,route_1,30.757282699637287,Sunny,Morning,1,2025-04-01 11:51:00
bus_1,4.5490871463575,-74.79459803331986,18,route_3,31.1096116940339,Cloudy,Evening,2,2025-04-01 11:52:00
bus_4,4.738442864624979,-74.51115689287779,19,route_3,49.253196052321556,Rainy,Afternoon,3,2025-04-01 11:53:00
bus_4,4.708104667734446,-74.5819987023789,34,route_2,19.785632004982453,Sunny,Afternoon,1,2025-04-01 11:54:00
bus_4,4.566230883836628,-74.70857467138416,1,route_1,51.012665947244486,Sunny,Afternoon,2,2025-04-01 11:55:00
bus_3,4.524714313684753,-74.55118160054235,29,route_3,42.437355694750906,Cloudy,Evening,2,2025-04-01 11:56:00
bus_4,4.704149790622414,-74.71554364047552,33,route_2,30.94848868897622,Sunny,Afternoon,1,2025-04-01 11:57:00
bus_4,4.696353364284341,-74.53817384813016,21,route_3,32.90143082919343,Sunny,Morning,2,2025-04-01 11:58:00
bus_4,4.581977858099463,-74.76622588287641,2,route_3,22.83236035930479,Rainy,Evening,3,2025-04-01 11:59:00
bus_2,4.785259068675123,-74.58889420676176,5,route_1,47.60571663484874,Sunny,Evening,1,2025-04-01 12:00:00
bus_3,4.54531736753427,-74.63779045700653,14,route_1,35.64373711526339,Sunny,Evening,2,2025-04-01 12:01:00
bus_4,4.629700440312781,-74.77103965894136,26,route_3,26.04272713749218,Rainy,Evening,2,2025-04-01 12:02:00
bus_1,4.78308477605028,-74.72743185152234,9,route_2,39.80250578804751,Cloudy,Evening,1,2025-04-01 12:03:00
bus_1,4.625918195077837,-74.7962787891168,8,route_1,59.78672260256615,Cloudy,Morning,1,2025-04-01 12:04:00
bus_1,4.691557784299226,-74.65936961036064,32,route_3,31.763113982827694,Rainy,Evening,1,2025-04-01 12:05:00
bus_3,4.6192783193888385,-74.709620421772,31,route_1,56.03457003893098,Rainy,Afternoon,1,2025-04-01 12:06:00
bus_3,4.582264560704601,-74.62049275471067,5,route_1,27.250841996228306,Cloudy,Evening,3,2025-04-01 12:07:00
bus_1,4.795193294387948,-74.71082865768741,35,route_1,12.736635346249294,Cloudy,Evening,1,2025-04-01 12:08:00
bus_4,4.6228002018945125,-74.7100242665479,1,route_3,20.212105318421443,Cloudy,Evening,3,2025-04-01 12:09:00
bus_3,4.76822976110374,-74.57704204038052,28,route_2,30.93475716638421,Cloudy,Evening,3,2025-04-01 12:10:00
bus_1,4.568986381767326,-74.7855571492065,3,route_2,20.981746429728453,Cloudy,Evening,1,2025-04-01 12:11:00
bus_1,4.563931411207525,-74.52913150144241,0,route_2,10.011351910912778,Rainy,Morning,3,2025-04-01 12:12:00
bus_4,4.509340224865354,-74.54432083768265,18,route_1,55.75007688737636,Sunny,Morning,1,2025-04-01 12:13:00
bus_2,4.695500047612765,-74.59965859503208,25,route_3,52.19397056154645,Cloudy,Evening,1,2025-04-01 12:14:00
bus_3,4.610557903117129,-74.62203352896779,24,route_1,47.11461157434736,Cloudy,Morning,2,2025-04-01 12:15:00
bus_4,4.759307474951891,-74.5323092505581,9,route_2,18.39072978230143,Sunny,Afternoon,1,2025-04-01 12:16:00
bus_1,4.641962972007467,-74.74440094614138,14,route_2,16.018178810499304,Sunny,Evening,2,2025-04-01 12:17:00
bus_1,4.790458028374417,-74.77630925134275,21,route_3,13.380237473619157,Sunny,Afternoon,3,2025-04-01 12:18:00
bus_4,4.555657654710936,-74.72814694902713,20,route_1,46.20145943864606,Sunny,Afternoon,2,2025-04-01 12:19:00
bus_3,4.760586950386683,-74.56162651638994,21,route_2,56.44039803439426,Sunny,Evening,3,2025-04-01 12:20:00
bus_2,4.732979055837522,-74.78959891998205,35,route_3,31.526791045651848,Sunny,Afternoon,1,2025-04-01 12:21:00
bus_2,4.731276553393215,-74.62515794947495,33,route_1,15.957033599802408,Rainy,Afternoon,3,2025-04-01 12:22:00
bus_1,4.753434968435066,-74.50136874514261,29,route_1,35.61964103660533,Sunny,Afternoon,3,2025-04-01 12:23:00
bus_3,4.728307197282899,-74.54329117184874,24,route_2,27.441595372931506,Sunny,Evening,1,2025-04-01 12:24:00
bus_2,4.687866096489424,-74.64356629328692,27,route_2,28.741246217499885,Rainy,Evening,3,2025-04-01 12:25:00
bus_3,4.539373463304717,-74.780907727214,0,route_1,41.06653120778536,Sunny,Afternoon,1,2025-04-01 12:26:00
bus_3,4.5097578538473755,-74.55058794568428,3,route_1,45.93590566311012,Cloudy,Evening,2,2025-04-01 12:27:00
bus_1,4.776254354344706,-74.62030644754684,6,route_2,15.530179943658043,Cloudy,Evening,1,2025-04-01 12:28:00
bus_2,4.684995094356221,-74.76552010088213,8,route_1,11.779511540323819,Sunny,Afternoon,1,2025-04-01 12:29:00
bus_4,4.738961187292853,-74.771842814553,35,route_2,59.71651513428574,Rainy,Evening,3,2025-04-01 12:30:00
bus_1,4.644456705453765,-74.52711195416902,18,route_1,21.636417445777592,Cloudy,Morning,2,2025-04-01 12:31:00
bus_2,4.535192456688718,-74.59923992111858,0,route_2,12.691526245422953,Rainy,Evening,1,2025-04-01 12:32:00
bus_2,4.537555737660765,-74.55121396020498,9,route_3,19.493766454796,Cloudy,Morning,2,2025-04-01 12:33:00
bus_2,4.705669586168692,-74.53630632991532,35,route_2,11.94789231742321,Sunny,Afternoon,2,2025-04-01 12:34:00
bus_2,4.629091768469839,-74.6284682943855,8,route_2,29.590544730858582,Rainy,Evening,3,2025-04-01 12:35:00
bus_2,4.5601574180101005,-74.64476609447348,31,route_3,50.120089222566214,Rainy,Afternoon,1,2025-04-01 12:36:00
bus_3,4.647478364022431,-74.6708717769037,31,route_1,27.062222487886032,Rainy,Afternoon,3,2025-04-01 12:37:00
bus_1,4.51926268112254,-74.70491602366266,5,route_3,32.20917034391833,Cloudy,Afternoon,1,2025-04-01 12:38:00
bus_3,4.67459142057432,-74.66962121174238,37,route_2,43.77933867837194,Cloudy,Afternoon,2,2025-04-01 12:39:00
bus_4,4.580698021330529,-74.56783610328095,16,route_1,35.44470350349401,Cloudy,Afternoon,1,2025-04-01 12:40:00
bus_2,4.739267730191156,-74.61942297069545,9,route_3,53.07228430106621,Sunny,Evening,1,2025-04-01 12:41:00
bus_1,4.593108587677072,-74.53224301301354,26,route_1,53.301783752287825,Cloudy,Morning,2,2025-04-01 12:42:00
bus_2,4.636566044724541,-74.66698599568625,34,route_1,10.495534774557683,Sunny,Evening,2,2025-04-01 12:43:00
bus_1,4.50348616197243,-74.61787312638437,20,route_3,48.90231532415996,Rainy,Evening,1,2025-04-01 12:44:00
bus_3,4.521734066338368,-74.6106077340724,24,route_1,33.03668001208369,Rainy,Evening,3,2025-04-01 12:45:00
bus_1,4.6177480669220055,-74.6224908513081,27,route_3,59.442027065183154,Sunny,Evening,1,2025-04-01 12:46:00
bus_4,4.643981650415137,-74.58920986807435,14,route_2,34.16160379377176,Cloudy,Morning,2,2025-04-01 12:47:00
bus_4,4.680006164435791,-74.72876995948755,3,route_1,59.344797269414876,Sunny,Evening,3,2025-04-01 12:48:00
bus_1,4.587498773612791,-74.64629086673627,28,route_2,47.72846806028683,Rainy,Afternoon,2,2025-04-01 12:49:00
bus_1,4.708494565837962,-74.7687325591575,8,route_2,22.430244230665316,Rainy,Evening,2,2025-04-01 12:50:00
bus_1,4.758036719156761,-74.68464660170656,26,route_1,36.91974896434789,Sunny,Evening,3,2025-04-01 12:51:00
bus_1,4.733955296668005,-74.65369987941362,25,route_3,59.60678197392914,Cloudy,Morning,2,2025-04-01 12:52:00
bus_4,4.511885647604507,-74.60433272213636,18,route_1,52.87653038759618,Cloudy,Morning,2,2025-04-01 12:53:00
bus_2,4.644152084177349,-74.51484068422414,27,route_2,14.868344689561056,Sunny,Afternoon,2,2025-04-01 12:54:00
bus_1,4.5314790535254525,-74.61980468003549,16,route_2,45.3185998404998,Sunny,Evening,2,2025-04-01 12:55:00
bus_1,4.572613504758758,-74.57692182514702,19,route_3,27.27897929354065,Cloudy,Evening,2,2025-04-01 12:56:00
bus_4,4.795998777980143,-74.64812018215144,39,route_1,10.349113094017406,Rainy,Evening,2,2025-04-01 12:57:00
bus_4,4.542748662870454,-74.6097687905871,38,route_2,30.17404845134998,Sunny,Afternoon,2,2025-04-01 12:58:00
bus_3,4.649666446035407,-74.77872033515986,22,route_2,21.737721086248563,Cloudy,Morning,2,2025-04-01 12:59:00
bus_1,4.6854467202954355,-74.72368252574745,31,route_2,50.94346352602358,Cloudy,Afternoon,2,2025-04-01 13:00:00
bus_3,4.710739491163231,-74.69144407203845,32,route_3,26.866530442288273,Rainy,Evening,1,2025-04-01 13:01:00
bus_4,4.667894605046074,-74.65825199349804,4,route_2,51.37618469769085,Rainy,Morning,1,2025-04-01 13:02:00
bus_4,4.502931254225755,-74.78630537634928,33,route_2,10.029896941739766,Rainy,Morning,2,2025-04-01 13:03:00
bus_2,4.597938392473197,-74.757992770734,39,route_1,25.390957501305955,Rainy,Afternoon,1,2025-04-01 13:04:00
bus_1,4.655313493015413,-74.7169557076626,10,route_1,22.058260715388098,Rainy,Morning,3,2025-04-01 13:05:00
bus_3,4.52635994974345,-74.50854019272968,2,route_2,21.67836805343055,Sunny,Morning,1,2025-04-01 13:06:00
bus_4,4.605188079362754,-74.70059589786908,32,route_2,13.409330988273135,Cloudy,Evening,2,2025-04-01 13:07:00
bus_4,4.50996093263741,-74.65538768256637,10,route_1,19.35621352052509,Sunny,Evening,2,2025-04-01 13:08:00
bus_3,4.523573549146506,-74.74117068617848,15,route_3,37.777478494281,Sunny,Morning,1,2025-04-01 13:09:00
bus_2,4.619076982860479,-74.61676597867726,17,route_3,24.568053641887225,Sunny,Morning,2,2025-04-01 13:10:00
bus_4,4.539814726212918,-74.71579503534521,29,route_3,30.869739116457396,Sunny,Afternoon,3,2025-04-01 13:11:00
bus_1,4.670262254478468,-74.73790222646846,9,route_3,28.843344017359424,Sunny,Afternoon,3,2025-04-01 13:12:00
bus_4,4.70683949074118,-74.64502821146621,17,route_3,53.795246249994726,Rainy,Morning,2,2025-04-01 13:13:00
bus_1,4.740176009732725,-74.79834826025187,37,route_3,55.264949950525775,Rainy,Evening,3,2025-04-01 13:14:00
bus_3,4.560045073273443,-74.79770079020523,18,route_3,34.647848582793,Cloudy,Morning,3,2025-04-01 13:15:00
bus_1,4.550244774677721,-74.73427935726944,35,route_3,26.50779751578022,Sunny,Morning,1,2025-04-01 13:16:00
bus_3,4.53137035210032,-74.78898359124975,12,route_1,15.340035200118182,Cloudy,Evening,3,2025-04-01 13:17:00
bus_1,4.6909290748630905,-74.76759227376078,2,route_3,57.67014396910475,Rainy,Evening,1,2025-04-01 13:18:00
bus_3,4.71194271794607,-74.69834180519837,9,route_3,13.011347245014873,Rainy,Afternoon,2,2025-04-01 13:19:00
bus_1,4.509475843447692,-74.55922429612606,37,route_3,24.882513878414024,Rainy,Afternoon,1,2025-04-01 13:20:00
bus_2,4.780863673873107,-74.62838540698921,0,route_2,24.903310058500207,Sunny,Afternoon,2,2025-04-01 13:21:00
bus_1,4.5155913850954414,-74.64619968221308,26,route_1,26.020064307010745,Sunny,Afternoon,2,2025-04-01 13:22:00
bus_1,4.662388900590321,-74.71195335303756,7,route_1,18.214342163620465,Rainy,Evening,2,2025-04-01 13:23:00
bus_2,4.712718155835275,-74.52047388417016,16,route_1,49.15807154618486,Cloudy,Morning,2,2025-04-01 13:24:00
bus_4,4.761290737123826,-74.68089548762885,8,route_3,16.12489309829946,Cloudy,Afternoon,2,2025-04-01 13:25:00
bus_4,4.714226079639729,-74.77387216996127,5,route_3,41.745332957658135,Rainy,Afternoon,1,2025-04-01 13:26:00
bus_1,4.740518424920937,-74.61488004516465,24,route_2,16.19230133529087,Cloudy,Evening,2,2025-04-01 13:27:00
bus_2,4.601835057762842,-74.76584848195702,38,route_1,13.526781879647828,Rainy,Evening,3,2025-04-01 13:28:00
bus_1,4.744447534123953,-74.6964330571595,27,route_3,55.47147518429382,Cloudy,Morning,3,2025-04-01 13:29:00
bus_3,4.5240344539154025,-74.64777641838465,32,route_1,19.506438315935284,Rainy,Morning,2,2025-04-01 13:30:00
bus_3,4.768444996818158,-74.53773324259444,36,route_2,51.06250772798521,Cloudy,Evening,3,2025-04-01 13:31:00
bus_1,4.664277712846121,-74.65193602589797,8,route_2,37.231543555356794,Sunny,Afternoon,1,2025-04-01 13:32:00
bus_4,4.745189330988748,-74.5893223701905,17,route_2,13.89282598043848,Rainy,Afternoon,1,2025-04-01 13:33:00
bus_4,4.63569548535549,-74.50215494830027,20,route_1,57.772409571903374,Rainy,Afternoon,2,2025-04-01 13:34:00
bus_1,4.693073308558957,-74.7605532640306,1,route_3,22.348058349594627,Cloudy,Morning,2,2025-04-01 13:35:00
bus_1,4.657920798280834,-74.71758054234414,37,route_3,52.98226726763033,Rainy,Afternoon,2,2025-04-01 13:36:00
bus_3,4.719476856526599,-74.6816271773207,39,route_2,18.44050028922821,Rainy,Afternoon,3,2025-04-01 13:37:00
bus_4,4.524488994609177,-74.67345154643834,35,route_3,52.69714410709264,Rainy,Evening,3,2025-04-01 13:38:00
bus_1,4.518105625197169,-74.67669367742033,36,route_2,10.6614406452647,Sunny,Afternoon,1,2025-04-01 13:39:00
bus_3,4.5741309702030435,-74.52771669923304,14,route_1,35.58902282847403,Sunny,Evening,3,2025-04-01 13:40:00
bus_4,4.547863404033956,-74.58579020665994,27,route_2,48.472128971077844,Cloudy,Afternoon,1,2025-04-01 13:41:00
bus_2,4.76153506997766,-74.61762843577279,17,route_1,56.739775874639164,Sunny,Morning,3,2025-04-01 13:42:00
bus_3,4.565764196207414,-74.70718818464117,33,route_2,55.460106810324355,Cloudy,Afternoon,1,2025-04-01 13:43:00
bus_4,4.792759576745739,-74.55286288473361,21,route_3,50.98124347738224,Sunny,Afternoon,2,2025-04-01 13:44:00
bus_4,4.601068737531332,-74.5134818465545,10,route_3,54.4095674830652,Cloudy,Evening,3,2025-04-01 13:45:00
bus_3,4.55463537470661,-74.55364051523493,12,route_2,19.960984291853826,Sunny,Evening,1,2025-04-01 13:46:00
bus_2,4.736909552142744,-74.79953046844255,3,route_3,24.20921478558644,Sunny,Evening,3,2025-04-01 13:47:00
bus_3,4.697612332650262,-74.60907958894498,21,route_3,24.448426246052925,Cloudy,Afternoon,2,2025-04-01 13:48:00
bus_4,4.649458714935942,-74.78465938556737,6,route_3,28.85269655008494,Rainy,Afternoon,1,2025-04-01 13:49:00
bus_1,4.666609065281289,-74.72271783389988,23,route_1,29.666033519259436,Rainy,Morning,3,2025-04-01 13:50:00
bus_1,4.715760533481679,-74.78214258989567,3,route_3,37.22776623273377,Sunny,Afternoon,3,2025-04-01 13:51:00
bus_3,4.568536422399389,-74.61886136411518,27,route_1,17.99398816832207,Cloudy,Morning,2,2025-04-01 13:52:00
bus_4,4.798900174817023,-74.59402302595221,14,route_2,44.562333189299466,Rainy,Evening,2,2025-04-01 13:53:00
bus_1,4.792437948644035,-74.76565370858023,0,route_3,18.378326965225327,Cloudy,Evening,1,2025-04-01 13:54:00
bus_4,4.695097705904081,-74.6848483350865,2,route_3,25.515424105227375,Rainy,Evening,3,2025-04-01 13:55:00
bus_3,4.5598627352787435,-74.66312904731333,13,route_3,35.167256530307704,Cloudy,Morning,3,2025-04-01 13:56:00
bus_1,4.7040684727293876,-74.68928409347173,37,route_2,49.822028076173865,Sunny,Afternoon,2,2025-04-01 13:57:00
bus_4,4.521659522693753,-74.76369249985444,0,route_1,46.97346166193636,Cloudy,Evening,2,2025-04-01 13:58:00
bus_1,4.509195750661742,-74.67431566294376,37,route_1,42.276717820526116,Rainy,Afternoon,1,2025-04-01 13:59:00
bus_3,4.577304866553364,-74.57464658565748,37,route_3,17.788663029008507,Sunny,Afternoon,3,2025-04-01 14:00:00
bus_4,4.638786887021795,-74.77869770064002,20,route_2,37.35226728077889,Cloudy,Evening,3,2025-04-01 14:01:00
bus_1,4.760481751622514,-74.77594599577543,28,route_2,14.372325089994273,Rainy,Morning,1,2025-04-01 14:02:00
bus_3,4.718150720929892,-74.6935686124492,4,route_2,28.86815883983254,Sunny,Afternoon,1,2025-04-01 14:03:00
bus_1,4.722811956359994,-74.51748228651432,9,route_2,30.67582651449796,Cloudy,Evening,2,2025-04-01 14:04:00
bus_1,4.627648000334423,-74.59942820598313,27,route_2,11.990571972287691,Rainy,Afternoon,2,2025-04-01 14:05:00
bus_2,4.603780497764089,-74.59639901299823,20,route_1,23.69940497349859,Cloudy,Afternoon,1,2025-04-01 14:06:00
bus_2,4.611311628895381,-74.69142400274863,6,route_1,57.78247336332447,Cloudy,Afternoon,1,2025-04-01 14:07:00
bus_3,4.796294869120818,-74.62190176263744,2,route_1,57.681630391484475,Sunny,Afternoon,3,2025-04-01 14:08:00
bus_2,4.512032757423745,-74.79696064479167,19,route_3,27.616352712626966,Sunny,Afternoon,1,2025-04-01 14:09:00
bus_3,4.760109448836735,-74.60917118607713,18,route_2,12.155005447416203,Rainy,Morning,1,2025-04-01 14:10:00
bus_2,4.6736026225717175,-74.52601391572713,34,route_3,18.954746966409076,Sunny,Morning,3,2025-04-01 14:11:00
bus_1,4.631584625756877,-74.61622795949656,3,route_2,29.610889671677008,Rainy,Evening,1,2025-04-01 14:12:00
bus_3,4.7175772981245405,-74.5378904219601,4,route_1,57.38898489846149,Cloudy,Morning,2,2025-04-01 14:13:00
bus_3,4.6460006824274105,-74.58280808336018,0,route_3,17.059953176859246,Cloudy,Morning,2,2025-04-01 14:14:00
bus_1,4.762026971424498,-74.76383247507889,3,route_1,48.175792183410614,Rainy,Morning,3,2025-04-01 14:15:00
bus_3,4.770210559203377,-74.52926400781425,11,route_2,15.434126968734603,Cloudy,Afternoon,1,2025-04-01 14:16:00
bus_3,4.626516278062036,-74.78006684669326,26,route_2,59.06287886956384,Sunny,Afternoon,2,2025-04-01 14:17:00
bus_2,4.5830483391705155,-74.63980975823567,22,route_2,29.080824955456748,Cloudy,Evening,2,2025-04-01 14:18:00
bus_3,4.677705098578008,-74.75735886286196,24,route_1,48.7617269449528,Sunny,Evening,2,2025-04-01 14:19:00
bus_4,4.773709003685007,-74.79648801678073,20,route_2,27.129554140556593,Rainy,Evening,2,2025-04-01 14:20:00
bus_1,4.5631986567017,-74.67338972196171,23,route_1,41.383443857940435,Rainy,Afternoon,1,2025-04-01 14:21:00
bus_2,4.686889975069045,-74.71148778770375,24,route_3,19.60080423700184,Cloudy,Morning,1,2025-04-01 14:22:00
bus_2,4.689468066027756,-74.65419985186072,31,route_2,17.301050964848127,Cloudy,Morning,1,2025-04-01 14:23:00
bus_4,4.7199339067245845,-74.62684003397963,31,route_2,56.903206978406565,Sunny,Afternoon,1,2025-04-01 14:24:00
bus_1,4.5394703055381775,-74.78687827830731,4,route_2,55.88236389522167,Sunny,Evening,2,2025-04-01 14:25:00
bus_1,4.714747489404626,-74.76309901146287,35,route_3,54.37344701064412,Cloudy,Evening,3,2025-04-01 14:26:00
bus_2,4.772709756199692,-74.63240728106487,38,route_2,41.27167250832967,Cloudy,Evening,3,2025-04-01 14:27:00
bus_3,4.553904932661073,-74.6970497940482,15,route_1,50.413410560813915,Rainy,Afternoon,2,2025-04-01 14:28:00
bus_2,4.571262997477163,-74.58124795373516,32,route_1,13.451846845568745,Rainy,Evening,2,2025-04-01 14:29:00
bus_1,4.791418528212492,-74.60431250542241,20,route_2,26.73945209453396,Rainy,Evening,3,2025-04-01 14:30:00
bus_4,4.554293085812847,-74.54631869110302,8,route_2,25.68515623785781,Cloudy,Afternoon,3,2025-04-01 14:31:00
bus_2,4.756315528010874,-74.59225215199923,5,route_3,41.78226609763066,Cloudy,Morning,2,2025-04-01 14:32:00
bus_1,4.647683356934411,-74.67102067678296,34,route_3,27.797888673532025,Cloudy,Afternoon,2,2025-04-01 14:33:00
bus_2,4.574169322320953,-74.59811001328167,38,route_3,17.42533908218404,Rainy,Afternoon,1,2025-04-01 14:34:00
bus_3,4.761224970381753,-74.71738564772338,21,route_2,39.82335377067719,Cloudy,Afternoon,1,2025-04-01 14:35:00
bus_2,4.6335915765008,-74.70810595036653,4,route_3,50.719196033454075,Sunny,Afternoon,3,2025-04-01 14:36:00
bus_2,4.654445206178907,-74.56330445202376,22,route_3,29.10617472299866,Cloudy,Morning,2,2025-04-01 14:37:00
bus_1,4.607770010819929,-74.66607414507952,16,route_1,16.613435754924083,Cloudy,Evening,3,2025-04-01 14:38:00
bus_1,4.677885255430478,-74.56048589784449,11,route_3,19.834409865641152,Cloudy,Afternoon,1,2025-04-01 14:39:00
bus_1,4.549057161775507,-74.55327328789951,22,route_1,21.874165258469198,Cloudy,Morning,1,2025-04-01 14:40:00
bus_2,4.617324460995528,-74.54273129870161,15,route_1,24.994879649726812,Cloudy,Evening,3,2025-04-01 14:41:00
bus_3,4.790823696700586,-74.52500942924763,2,route_3,42.139753525315456,Sunny,Evening,1,2025-04-01 14:42:00
bus_4,4.577440029810338,-74.67070443384601,29,route_1,40.047274226885946,Sunny,Evening,2,2025-04-01 14:43:00
bus_4,4.697020999362388,-74.70433995450365,21,route_2,44.80399307835196,Cloudy,Afternoon,3,2025-04-01 14:44:00
bus_1,4.597557019267408,-74.62534037602177,8,route_2,28.125099226575657,Rainy,Afternoon,2,2025-04-01 14:45:00
bus_1,4.73204193770598,-74.6886482729687,28,route_3,51.199882593998915,Cloudy,Evening,2,2025-04-01 14:46:00
bus_2,4.539262098215505,-74.61967774995993,36,route_2,20.204383057788014,Cloudy,Evening,1,2025-04-01 14:47:00
bus_4,4.7909463135235635,-74.58832424120685,22,route_1,33.45203737590769,Cloudy,Evening,2,2025-04-01 14:48:00
bus_1,4.636136862415092,-74.59347849445236,12,route_2,50.046936077071514,Rainy,Evening,3,2025-04-01 14:49:00
bus_3,4.5708151390039395,-74.68763413389397,31,route_3,19.007932386630962,Rainy,Evening,2,2025-04-01 14:50:00
bus_3,4.522049024199004,-74.74994193949037,22,route_3,15.493155687039147,Rainy,Evening,2,2025-04-01 14:51:00
bus_1,4.550927371526262,-74.67084119846133,16,route_1,54.18419838439949,Sunny,Morning,2,2025-04-01 14:52:00
bus_1,4.655932184566805,-74.75722175677542,39,route_3,27.146483137959795,Rainy,Evening,2,2025-04-01 14:53:00
bus_4,4.601100952929386,-74.53297088944485,20,route_2,44.1935062454516,Sunny,Afternoon,2,2025-04-01 14:54:00
bus_4,4.748665009764783,-74.69623676177864,1,route_3,11.267430213196924,Sunny,Afternoon,1,2025-04-01 14:55:00
bus_2,4.629266257098542,-74.753662075833,36,route_1,44.50234442047248,Rainy,Afternoon,3,2025-04-01 14:56:00
bus_4,4.574614281776289,-74.79236567202827,5,route_3,25.805065577348525,Rainy,Evening,1,2025-04-01 14:57:00
bus_3,4.685143495981209,-74.60625328411405,17,route_2,12.787042679372087,Rainy,Afternoon,3,2025-04-01 14:58:00
bus_3,4.712033165065634,-74.60892930476358,29,route_1,40.49063807740585,Sunny,Morning,3,2025-04-01 14:59:00
bus_1,4.550112572370285,-74.6978187500256,21,route_2,22.04019080365866,Cloudy,Evening,3,2025-04-01 15:00:00
bus_4,4.550285764886495,-74.7784864333457,32,route_1,29.340362102594,Rainy,Afternoon,3,2025-04-01 15:01:00
bus_2,4.511001428080063,-74.67711133153144,29,route_3,14.02904061432568,Rainy,Morning,3,2025-04-01 15:02:00
bus_3,4.720920604519692,-74.70663475148098,16,route_1,17.358162554747267,Rainy,Morning,2,2025-04-01 15:03:00
bus_3,4.699141358286542,-74.59686380807949,31,route_1,24.898861774792188,Sunny,Afternoon,1,2025-04-01 15:04:00
bus_2,4.642389262724944,-74.61826622516419,13,route_3,14.487975028007856,Sunny,Morning,1,2025-04-01 15:05:00
bus_2,4.753251134690759,-74.69062188154074,9,route_2,55.54131323431576,Cloudy,Afternoon,2,2025-04-01 15:06:00
bus_3,4.741701045885016,-74.7346322337235,35,route_3,10.302352159198922,Rainy,Morning,3,2025-04-01 15:07:00
bus_3,4.675606309319026,-74.50358921015332,33,route_1,34.19301094321557,Sunny,Evening,1,2025-04-01 15:08:00
bus_2,4.7604813841539775,-74.66379951364117,8,route_3,16.162372906627574,Cloudy,Evening,2,2025-04-01 15:09:00
bus_3,4.56175236301103,-74.59351772926593,27,route_1,25.383954473897425,Rainy,Evening,2,2025-04-01 15:10:00
bus_1,4.533575885819318,-74.75783410972649,10,route_3,56.30297799091328,Sunny,Evening,1,2025-04-01 15:11:00
bus_1,4.580924883455097,-74.65432309010218,13,route_3,18.084727663699343,Rainy,Evening,1,2025-04-01 15:12:00
bus_2,4.517126056826794,-74.79173898403916,38,route_2,58.29161598591663,Rainy,Afternoon,3,2025-04-01 15:13:00
bus_4,4.65935085840031,-74.64836346462687,18,route_1,20.289718849471086,Sunny,Evening,3,2025-04-01 15:14:00
bus_2,4.780981707688488,-74.51079477786469,14,route_2,47.078305423341476,Sunny,Evening,1,2025-04-01 15:15:00
bus_2,4.511803062200553,-74.68473798610425,27,route_1,37.33386324486558,Sunny,Evening,3,2025-04-01 15:16:00
bus_4,4.536632974203008,-74.78830119622752,23,route_3,54.22393637983796,Rainy,Evening,2,2025-04-01 15:17:00
bus_4,4.63565970848503,-74.7907132627242,7,route_1,37.69966277515655,Rainy,Morning,3,2025-04-01 15:18:00
bus_4,4.780162505258371,-74.68360397201593,8,route_2,36.727960957815434,Cloudy,Evening,3,2025-04-01 15:19:00
bus_1,4.594846831493025,-74.75199251906103,32,route_2,19.772900018419996,Rainy,Evening,2,2025-04-01 15:20:00
bus_3,4.652170442606518,-74.79299437110154,32,route_2,18.311468102582936,Sunny,Afternoon,3,2025-04-01 15:21:00
bus_1,4.512471857715117,-74.57313591581494,18,route_1,55.82445755577571,Rainy,Morning,2,2025-04-01 15:22:00
bus_3,4.544502960288627,-74.66244309733543,2,route_2,26.391909942501705,Cloudy,Afternoon,3,2025-04-01 15:23:00
bus_1,4.795989036887654,-74.7132265684082,9,route_2,28.604112748144797,Cloudy,Evening,1,2025-04-01 15:24:00
bus_3,4.789535608930813,-74.52997504509506,39,route_2,47.99118292141942,Sunny,Afternoon,3,2025-04-01 15:25:00
bus_1,4.501481994280323,-74.76515831193984,0,route_3,26.941174121140367,Sunny,Afternoon,1,2025-04-01 15:26:00
bus_4,4.785543535626972,-74.5132243513134,28,route_3,57.60312233195014,Cloudy,Evening,1,2025-04-01 15:27:00
bus_2,4.69173598134465,-74.7058099847868,33,route_1,46.89638844994001,Cloudy,Morning,1,2025-04-01 15:28:00
bus_1,4.760375488356006,-74.5334788983074,12,route_1,39.871462128671,Cloudy,Morning,1,2025-04-01 15:29:00
bus_3,4.636421956690158,-74.61911713705616,0,route_2,54.04475802723763,Sunny,Afternoon,1,2025-04-01 15:30:00
bus_4,4.654678808573775,-74.55198779207755,33,route_3,12.480295417474139,Cloudy,Evening,2,2025-04-01 15:31:00
bus_1,4.646653974077076,-74.50479605103686,28,route_2,22.853134609460437,Cloudy,Afternoon,2,2025-04-01 15:32:00
bus_1,4.700059277263831,-74.71347836865438,12,route_2,33.25181671104549,Sunny,Afternoon,2,2025-04-01 15:33:00
bus_4,4.5418953764268934,-74.51165935437773,28,route_3,21.34892697357605,Rainy,Afternoon,1,2025-04-01 15:34:00
bus_1,4.508992076961803,-74.68315543152927,38,route_3,47.195259365107596,Rainy,Evening,3,2025-04-01 15:35:00
bus_2,4.592378982477357,-74.68434642857892,23,route_3,55.96040155268626,Cloudy,Evening,2,2025-04-01 15:36:00
bus_1,4.711404228820994,-74.69788386872365,25,route_1,31.18850599654617,Rainy,Morning,3,2025-04-01 15:37:00
bus_2,4.560556035636885,-74.63757771779572,16,route_1,27.10663000559475,Rainy,Evening,3,2025-04-01 15:38:00
bus_2,4.702029729997475,-74.75375648704645,6,route_2,58.07753660687831,Rainy,Afternoon,1,2025-04-01 15:39:00
bus_4,4.790973613832181,-74.63388655439259,12,route_1,32.24262164137704,Rainy,Afternoon,1,2025-04-01 15:40:00
bus_1,4.528170214736826,-74.63748855627699,4,route_3,34.45242002246416,Cloudy,Morning,1,2025-04-01 15:41:00
bus_4,4.7017806354675376,-74.57142945621854,25,route_3,27.582493617095267,Rainy,Evening,2,2025-04-01 15:42:00
bus_1,4.633125065791371,-74.54990501141873,2,route_1,55.477423650606916,Rainy,Afternoon,1,2025-04-01 15:43:00
bus_1,4.760442676313252,-74.66786759490627,6,route_2,38.447774164092536,Sunny,Morning,2,2025-04-01 15:44:00
bus_3,4.553144936834216,-74.70930002519455,38,route_2,48.10872935908223,Cloudy,Morning,2,2025-04-01 15:45:00
bus_1,4.70778778566785,-74.72219953080487,0,route_1,50.590335917544316,Sunny,Afternoon,2,2025-04-01 15:46:00
bus_4,4.751434586894433,-74.74161284898854,16,route_2,27.09245209586291,Sunny,Afternoon,2,2025-04-01 15:47:00
bus_2,4.783384265842207,-74.78270572534029,24,route_2,31.684716566019002,Cloudy,Evening,1,2025-04-01 15:48:00
bus_1,4.704974408486894,-74.69726560634959,2,route_2,52.423588720313234,Rainy,Morning,2,2025-04-01 15:49:00
bus_3,4.649152429202528,-74.71892569236076,14,route_3,28.16276758379051,Sunny,Afternoon,1,2025-04-01 15:50:00
bus_4,4.685354172060364,-74.51007478424008,28,route_3,49.696756672592564,Cloudy,Morning,1,2025-04-01 15:51:00
bus_1,4.760671495343615,-74.63268735212499,31,route_1,57.04961612872186,Rainy,Evening,2,2025-04-01 15:52:00
bus_4,4.6711829239916485,-74.69581688829085,25,route_3,41.160518653400345,Cloudy,Afternoon,1,2025-04-01 15:53:00
bus_3,4.509116117909051,-74.6258597197019,15,route_2,47.08136437259444,Sunny,Evening,3,2025-04-01 15:54:00
bus_3,4.779284608652093,-74.75824098959629,24,route_3,50.254865602056746,Rainy,Morning,1,2025-04-01 15:55:00
bus_4,4.706858025309468,-74.66678687523934,27,route_1,52.25198244483212,Rainy,Evening,1,2025-04-01 15:56:00
bus_1,4.702954015733174,-74.61212970357369,8,route_3,29.752666892839798,Cloudy,Evening,2,2025-04-01 15:57:00
bus_2,4.5647025457193156,-74.65333065046227,0,route_2,12.563172958799909,Rainy,Morning,2,2025-04-01 15:58:00
bus_3,4.697665641069797,-74.6794663598037,28,route_2,30.093813561836978,Sunny,Evening,1,2025-04-01 15:59:00
bus_1,4.618159321696248,-74.50184548333009,21,route_1,43.68781148920449,Sunny,Morning,2,2025-04-01 16:00:00
bus_1,4.6953698931124475,-74.53590557135531,15,route_3,32.51751928903964,Sunny,Afternoon,3,2025-04-01 16:01:00
bus_2,4.531977909092397,-74.61297821255216,6,route_3,47.448157543019924,Cloudy,Morning,3,2025-04-01 16:02:00
bus_3,4.697353591380911,-74.62918679164531,13,route_3,27.849121473433193,Rainy,Morning,2,2025-04-01 16:03:00
bus_3,4.7998241177312,-74.61380185605262,28,route_2,41.73720705520148,Rainy,Afternoon,1,2025-04-01 16:04:00
bus_1,4.514463611658167,-74.73960636765327,18,route_1,19.320990242698727,Rainy,Morning,3,2025-04-01 16:05:00
bus_1,4.793152255266395,-74.6814586770207,18,route_3,47.46847183224784,Sunny,Afternoon,3,2025-04-01 16:06:00
bus_2,4.6220723882168615,-74.78816214013273,1,route_2,37.284798440651294,Rainy,Afternoon,1,2025-04-01 16:07:00
bus_2,4.761226035101178,-74.65733618875394,14,route_2,20.20321942733003,Sunny,Morning,2,2025-04-01 16:08:00
bus_3,4.734715645217482,-74.6370926248127,2,route_2,24.595558674890363,Rainy,Evening,3,2025-04-01 16:09:00
bus_4,4.670104878296001,-74.73167507916904,10,route_3,47.43043542909162,Sunny,Evening,1,2025-04-01 16:10:00
bus_3,4.721534762775398,-74.51079134585035,29,route_3,34.13006178307603,Rainy,Afternoon,1,2025-04-01 16:11:00
bus_1,4.763554668390404,-74.52716361671882,39,route_3,20.801572019653612,Cloudy,Evening,3,2025-04-01 16:12:00
bus_3,4.62124209649531,-74.58335702936323,17,route_3,58.36355951851488,Cloudy,Evening,2,2025-04-01 16:13:00
bus_4,4.598109948468972,-74.63998401137039,1,route_3,45.75625099084439,Sunny,Morning,3,2025-04-01 16:14:00
bus_2,4.700278015669075,-74.5390092521057,31,route_3,57.85674162698981,Sunny,Afternoon,1,2025-04-01 16:15:00
bus_4,4.742353782582377,-74.76080429685295,7,route_3,31.35525226801716,Rainy,Afternoon,3,2025-04-01 16:16:00
bus_4,4.728685540432984,-74.56284706171753,21,route_3,33.755017034586025,Rainy,Morning,2,2025-04-01 16:17:00
bus_4,4.73934409465759,-74.76255375580995,5,route_3,54.89776080925096,Cloudy,Evening,1,2025-04-01 16:18:00
bus_2,4.63067499444388,-74.56173680123518,11,route_2,36.252467012269236,Rainy,Afternoon,2,2025-04-01 16:19:00
bus_4,4.745350264852506,-74.71726972952459,39,route_3,45.36394559528336,Sunny,Evening,3,2025-04-01 16:20:00
bus_4,4.536062716611182,-74.53687282569454,35,route_1,22.608643874776497,Sunny,Afternoon,3,2025-04-01 16:21:00
bus_4,4.6633467293882545,-74.51678737185237,14,route_2,32.33632343513203,Sunny,Afternoon,2,2025-04-01 16:22:00
bus_1,4.5017275981494365,-74.75536120917846,27,route_3,16.172493290517757,Sunny,Afternoon,3,2025-04-01 16:23:00
bus_4,4.597375748970081,-74.66119731848038,17,route_1,20.299001793848085,Sunny,Afternoon,2,2025-04-01 16:24:00
bus_2,4.609938460461419,-74.5057037865512,1,route_3,10.047170763381555,Cloudy,Evening,3,2025-04-01 16:25:00
bus_4,4.618851807482777,-74.65497776920806,12,route_1,11.963252582433011,Cloudy,Evening,2,2025-04-01 16:26:00
bus_4,4.708640162006959,-74.54093574324564,14,route_1,58.86419115884647,Sunny,Evening,2,2025-04-01 16:27:00
bus_2,4.616567430381104,-74.6233805433606,19,route_1,22.117684756838116,Rainy,Evening,1,2025-04-01 16:28:00
bus_4,4.634608086786759,-74.68740102762412,28,route_1,43.165535475200095,Sunny,Morning,1,2025-04-01 16:29:00
bus_2,4.571263239262298,-74.71426493334224,28,route_2,51.95498493998058,Cloudy,Afternoon,2,2025-04-01 16:30:00
bus_4,4.611975537488802,-74.73903307267418,2,route_2,37.53302296182821,Sunny,Afternoon,3,2025-04-01 16:31:00
bus_2,4.568180888178945,-74.57146054258669,18,route_1,17.65722500419781,Cloudy,Afternoon,3,2025-04-01 16:32:00
bus_4,4.521958777130533,-74.68403784795309,2,route_3,46.40582186680832,Cloudy,Morning,3,2025-04-01 16:33:00
bus_4,4.681034578014414,-74.64661736133978,13,route_1,40.01257050497915,Sunny,Evening,2,2025-04-01 16:34:00
bus_1,4.700463839566504,-74.65230235599964,39,route_2,46.562529467368755,Sunny,Afternoon,2,2025-04-01 16:35:00
bus_1,4.685847103802884,-74.62681629123006,3,route_3,48.48733114285436,Rainy,Evening,2,2025-04-01 16:36:00
bus_4,4.639048213140172,-74.54032685631263,10,route_2,58.770518384237256,Cloudy,Evening,2,2025-04-01 16:37:00
bus_4,4.6139357340537686,-74.50577819692496,30,route_2,38.6781640013355,Rainy,Morning,1,2025-04-01 16:38:00
bus_3,4.759000094871547,-74.67772473742785,31,route_3,27.082055634530093,Sunny,Morning,2,2025-04-01 16:39:00
